kind,rate,handling,arm,classifier,accuracy,macro_f1,delta_accuracy,delta_macro_f1
pairflip,0.0,delete,DT hard_vote,DT,86.28410409781392,81.23272841149848,0.4383864594584935,0.5395963193633975
pairflip,0.0,delete,DT hard_vote,LR,86.71264712670155,81.26723018553334,0.6744791550162056,1.5673980781221282
pairflip,0.0,delete,DT hard_vote,NB,78.42848494280912,73.19612643545346,1.0984689888312986,1.399870769844354
pairflip,0.0,delete,DT threshold,DT,86.2491390628489,81.27526389796034,0.40342142449345886,0.5821318058252366
pairflip,0.0,delete,DT threshold,LR,86.50285691691134,81.14664547699515,0.46468894522599624,1.4468133695839527
pairflip,0.0,delete,DT threshold,NB,78.46106826929528,73.26132278025545,1.1310523153174514,1.4650671146463352
pairflip,0.0,delete,NB hard_vote,DT,80.89902212634087,75.77932670467719,-4.946695512014569,-4.9138053874579075
pairflip,0.0,delete,NB hard_vote,LR,81.32648615336657,76.1038034175104,-4.7116818183187705,-3.596028689900796
pairflip,0.0,delete,NB hard_vote,NB,77.74926618886931,72.86869306318519,0.4192502348914992,1.0724373975760622
pairflip,0.0,delete,NB threshold,DT,83.51849105094003,78.99445069640174,-2.327226587415403,-1.6986813957333524
pairflip,0.0,delete,NB threshold,LR,82.53383107946276,77.53032993878897,-3.504336892222591,-2.1695021686222375
pairflip,0.0,delete,NB threshold,NB,77.33041655970479,72.54135278728063,0.0004006057269599239,0.7450971216715082
pairflip,0.0,delete,committee consensus,DT,87.01092100930218,81.89563161376734,1.1652033709467446,1.2024995216322352
pairflip,0.0,delete,committee consensus,LR,86.90635735605987,81.41262831608194,0.8681893843745222,1.712796208670745
pairflip,0.0,delete,committee consensus,NB,78.00696117010764,73.11100144002742,0.6769452161298162,1.3147457744183086
pairflip,0.0,delete,dual agreement,DT,86.21372650988944,81.39514666970805,0.3680088715340048,0.7020145775729703
pairflip,0.0,delete,dual agreement,LR,86.52283878465968,81.12828323875537,0.4846708129743348,1.4284511313441712
pairflip,0.0,delete,dual agreement,NB,77.1964315642403,72.48225756033406,-0.13358438973752698,0.6860018947249443
pairflip,0.0,delete,none,DT,85.84571763835544,80.69313209213509,0.0,0.0
pairflip,0.0,delete,none,LR,86.03816797168534,79.6998321074112,0.0,0.0
pairflip,0.0,delete,none,NB,77.33001595397782,71.79625566560912,0.0,0.0
pairflip,0.0,delete,reference labels,DT,85.84571763835544,80.69313209213509,0.0,0.0
pairflip,0.0,delete,reference labels,LR,86.03816797168534,79.6998321074112,0.0,0.0
pairflip,0.0,delete,reference labels,NB,77.33001595397782,71.79625566560912,0.0,0.0
pairflip,0.2,delete,DT hard_vote,DT,77.19457934178529,70.85701771801554,6.243170122484485,4.727958087194456
pairflip,0.2,delete,DT hard_vote,LR,82.3559216320872,76.29252577543977,0.08836057895103692,0.7015298167702092
pairflip,0.2,delete,DT hard_vote,NB,74.34862126615472,69.02407626661257,3.9318232874924925,4.196431347831133
pairflip,0.2,delete,DT threshold,DT,76.93812436729095,70.83672699471745,5.98671514799015,4.707667363896369
pairflip,0.2,delete,DT threshold,LR,82.24818733535687,76.17092172003815,-0.019373717779290443,0.5799257613686024
pairflip,0.2,delete,DT threshold,NB,74.45667673012812,69.17653064235067,4.039878751465898,4.34888572356923
pairflip,0.2,delete,NB hard_vote,DT,76.14187617680889,70.69313023247058,5.190466957508091,4.564070601649496
pairflip,0.2,delete,NB hard_vote,LR,76.53547461204025,71.00671785021927,-5.732086441095922,-4.584278108450284
pairflip,0.2,delete,NB hard_vote,NB,72.84395981183359,67.8397340962612,2.4271618331713585,3.0120891774797647
pairflip,0.2,delete,NB threshold,DT,77.40922271108806,72.59175708763117,6.4578134917872685,6.462697456810085
pairflip,0.2,delete,NB threshold,LR,77.87089689762617,72.56719797607181,-4.396664155509997,-3.023797982597735
pairflip,0.2,delete,NB threshold,NB,72.60975463278966,67.99366307389208,2.192956654127426,3.1660181551106468
pairflip,0.2,delete,committee consensus,DT,79.06217812160932,73.52701298907917,8.110768902308525,7.39795335825809
pairflip,0.2,delete,committee consensus,LR,82.21663806914883,76.39877166098441,-0.05092298398733064,0.8077757023148642
pairflip,0.2,delete,committee consensus,NB,72.59834573351175,68.38017542340569,2.181547754849509,3.5525305046242424
pairflip,0.2,delete,dual agreement,DT,77.16472431451997,72.0138950830703,6.213315095219171,5.884835452249206
pairflip,0.2,delete,dual agreement,LR,81.57064736456718,76.2005056610365,-0.6969136885689793,0.6095097023669481
pairflip,0.2,delete,dual agreement,NB,71.5291676932733,67.37389695626943,1.1123697146110594,2.546252037488002
pairflip,0.2,delete,none,DT,70.95140921930081,66.12905963082109,0.0,0.0
pairflip,0.2,delete,none,LR,82.26756105313616,75.59099595866955,0.0,0.0
pairflip,0.2,delete,none,NB,70.41679797866223,64.82764491878143,0.0,0.0
pairflip,0.2,delete,reference labels,DT,85.84571763835544,80.69313209213509,14.894308419054633,14.564072461314012
pairflip,0.2,delete,reference labels,LR,86.03816797168534,79.6998321074112,3.770606918549184,4.108836148741648
pairflip,0.2,delete,reference labels,NB,77.33001595397782,71.79625566560912,6.913217975315587,6.968610746827684
symmetric,0.0,delete,DT hard_vote,DT,86.28410409781392,81.23272841149848,0.4383864594584935,0.5395963193633975
symmetric,0.0,delete,DT hard_vote,LR,86.71264712670155,81.26723018553334,0.6744791550162056,1.5673980781221282
symmetric,0.0,delete,DT hard_vote,NB,78.42848494280912,73.19612643545346,1.0984689888312986,1.399870769844354
symmetric,0.0,delete,DT threshold,DT,86.2491390628489,81.27526389796034,0.40342142449345886,0.5821318058252366
symmetric,0.0,delete,DT threshold,LR,86.50285691691134,81.14664547699515,0.46468894522599624,1.4468133695839527
symmetric,0.0,delete,DT threshold,NB,78.46106826929528,73.26132278025545,1.1310523153174514,1.4650671146463352
symmetric,0.0,delete,NB hard_vote,DT,80.89902212634087,75.77932670467719,-4.946695512014569,-4.9138053874579075
symmetric,0.0,delete,NB hard_vote,LR,81.32648615336657,76.1038034175104,-4.7116818183187705,-3.596028689900796
symmetric,0.0,delete,NB hard_vote,NB,77.74926618886931,72.86869306318519,0.4192502348914992,1.0724373975760622
symmetric,0.0,delete,NB threshold,DT,83.51849105094003,78.99445069640174,-2.327226587415403,-1.6986813957333524
symmetric,0.0,delete,NB threshold,LR,82.53383107946276,77.53032993878897,-3.504336892222591,-2.1695021686222375
symmetric,0.0,delete,NB threshold,NB,77.33041655970479,72.54135278728063,0.0004006057269599239,0.7450971216715082
symmetric,0.0,delete,committee consensus,DT,87.01092100930218,81.89563161376734,1.1652033709467446,1.2024995216322352
symmetric,0.0,delete,committee consensus,LR,86.90635735605987,81.41262831608194,0.8681893843745222,1.712796208670745
symmetric,0.0,delete,committee consensus,NB,78.00696117010764,73.11100144002742,0.6769452161298162,1.3147457744183086
symmetric,0.0,delete,dual agreement,DT,86.21372650988944,81.39514666970805,0.3680088715340048,0.7020145775729703
symmetric,0.0,delete,dual agreement,LR,86.52283878465968,81.12828323875537,0.4846708129743348,1.4284511313441712
symmetric,0.0,delete,dual agreement,NB,77.1964315642403,72.48225756033406,-0.13358438973752698,0.6860018947249443
symmetric,0.0,delete,none,DT,85.84571763835544,80.69313209213509,0.0,0.0
symmetric,0.0,delete,none,LR,86.03816797168534,79.6998321074112,0.0,0.0
symmetric,0.0,delete,none,NB,77.33001595397782,71.79625566560912,0.0,0.0
symmetric,0.0,delete,reference labels,DT,85.84571763835544,80.69313209213509,0.0,0.0
symmetric,0.0,delete,reference labels,LR,86.03816797168534,79.6998321074112,0.0,0.0
symmetric,0.0,delete,reference labels,NB,77.33001595397782,71.79625566560912,0.0,0.0
symmetric,0.2,delete,DT hard_vote,DT,79.37093345762082,72.34799845223588,9.693309570368589,9.091871354166589
symmetric,0.2,delete,DT hard_vote,LR,82.76491636974845,76.2982523653992,0.2155516035130823,0.7221558414694058
symmetric,0.2,delete,DT hard_vote,NB,72.98030951592433,67.61797984883023,-0.4902836247100453,0.3359005040660126
symmetric,0.2,delete,DT threshold,DT,79.31879043433965,72.52954059675417,9.641166547087419,9.273413498684882
symmetric,0.2,delete,DT threshold,LR,82.7646900681977,76.32982963212586,0.21532530196233068,0.753733108196073
symmetric,0.2,delete,DT threshold,NB,73.15666405107416,67.84076418994049,-0.3139290895602279,0.5586848451762819
symmetric,0.2,delete,NB hard_vote,DT,75.41744410667818,69.77041956844099,5.739820219425952,6.514292470371695
symmetric,0.2,delete,NB hard_vote,LR,77.29206713446501,70.29956095207417,-5.257297631770358,-5.276535571855626
symmetric,0.2,delete,NB hard_vote,NB,72.63547534571794,67.68502329127747,-0.8351177949164501,0.40294394651327503
symmetric,0.2,delete,NB threshold,DT,76.39929452428058,69.99098035097188,6.721670637028344,6.7348532529025915
symmetric,0.2,delete,NB threshold,LR,79.94836399253006,73.55492839411995,-2.6010007737053025,-2.0211681298098396
symmetric,0.2,delete,NB threshold,NB,72.06839682544755,67.55175034323767,-1.4021963151868302,0.269670998473471
symmetric,0.2,delete,committee consensus,DT,80.31002088127443,73.78111376434495,10.632396994022196,10.524986666275655
symmetric,0.2,delete,committee consensus,LR,84.24443984752716,78.05456467138859,1.6950750812918045,2.478468147458789
symmetric,0.2,delete,committee consensus,NB,71.86216358619654,68.25688129944999,-1.6084295544378393,0.9748019546857766
symmetric,0.2,delete,dual agreement,DT,76.84176578516863,69.88545778622833,7.164141897916399,6.629330688159046
symmetric,0.2,delete,dual agreement,LR,83.47562618256124,76.99105060828518,0.926261416325876,1.414954084355383
symmetric,0.2,delete,dual agreement,NB,71.44776490976875,67.16889752009142,-2.022828230865629,-0.11318182467278497
symmetric,0.2,delete,none,DT,69.67762388725222,63.25612709806929,0.0,0.0
symmetric,0.2,delete,none,LR,82.54936476623536,75.57609652392979,0.0,0.0
symmetric,0.2,delete,none,NB,73.47059314063438,67.2820793447642,0.0,0.0
symmetric,0.2,delete,reference labels,DT,85.84571763835544,80.69313209213509,16.168093751103207,17.437004994065806
symmetric,0.2,delete,reference labels,LR,86.03816797168534,79.6998321074112,3.4888032054499796,4.123735583481412
symmetric,0.2,delete,reference labels,NB,77.33001595397782,71.79625566560912,3.8594228133434427,4.5141763208449115
