dataset,classifier,variant,acc_mean,acc_std,f1_mean,delta_acc_vs_old,rows_kept_pct,cols_kept_pct,wilcoxon_p_vs_old,fold_ttest_p_vs_old
breast-cancer,LR,old,67.99507389162561,7.289534788831977,56.10969677558149,0.0,100.0,100.0,1.0,1.0
breast-cancer,LR,clean,70.45320197044335,7.93901221464475,60.683476696463714,2.458128078817734,90.07785117485597,100.0,0.0625,0.0033756397997062332
breast-cancer,LR,weighted,70.09852216748769,7.145326703431478,58.09235418706388,2.1034482758620694,100.0,81.1219512195122,0.0625,0.00013304203769174422
breast-cancer,LR,new,71.35960591133005,8.198948618713839,61.15977696060122,3.3645320197044337,90.07785117485597,81.1219512195122,0.0625,0.0002578181403483132
breast-cancer,MLP,old,70.72660098522167,6.023175044509955,56.09447693239437,0.0,100.0,100.0,1.0,1.0
breast-cancer,MLP,clean,71.42610837438423,7.2578258756610685,59.995280832625646,0.6995073891625603,90.07785117485597,100.0,0.4375,0.37137503514188264
breast-cancer,MLP,weighted,72.1231527093596,5.956489478083071,59.047642001686725,1.3965517241379308,100.0,81.1219512195122,0.0625,0.11646224928446285
breast-cancer,MLP,new,72.68226600985221,7.105348750837655,62.34722522174447,1.9556650246305411,90.07785117485597,81.1219512195122,0.125,0.034403083193932295
contact-lenses,LR,old,74.33333333333333,23.620679667116015,62.87777777777777,0.0,100.0,100.0,1.0,1.0
contact-lenses,LR,clean,81.0,21.563069966833524,73.37777777777778,6.666666666666668,93.13419913419914,100.0,0.0625,0.010925719334226288
contact-lenses,LR,weighted,80.66666666666666,24.1311608748951,72.87777777777778,6.333333333333335,100.0,58.88888888888889,0.0625,0.004449593285806211
contact-lenses,LR,new,84.0,21.285234893930486,78.3111111111111,9.666666666666668,93.13419913419914,58.88888888888889,0.0625,0.0010731858057851469
contact-lenses,MLP,old,75.66666666666666,28.613064900377193,67.54444444444444,0.0,100.0,100.0,1.0,1.0
contact-lenses,MLP,clean,77.99999999999999,26.393155162954326,70.04444444444444,2.333333333333333,93.13419913419914,100.0,0.5625,0.33199588592115636
contact-lenses,MLP,weighted,69.66666666666666,24.44160981296922,58.344444444444456,-6.000000000000001,100.0,58.88888888888889,0.1875,0.1008127960779095
contact-lenses,MLP,new,73.33333333333333,23.328473740792173,62.13333333333333,-2.3333333333333344,93.13419913419914,58.88888888888889,0.75,0.45853978606312873
diabetes,LR,old,77.26144907723855,4.333698812333011,73.35381258267077,0.0,100.0,100.0,1.0,1.0
diabetes,LR,clean,77.1308954203691,4.42235496370187,73.45092539949204,-0.1305536568694464,92.56935997925433,100.0,0.3125,0.6035014831069738
diabetes,LR,weighted,77.31305536568694,4.366600076005966,73.40651334360307,0.05160628844839408,100.0,100.0,0.6875,0.5719332037946226
diabetes,LR,new,77.05263157894737,4.320610069164871,73.30886770435683,-0.20881749829118193,92.56935997925433,100.0,0.1875,0.3619261146148759
diabetes,MLP,old,76.63602187286398,4.36990976402331,72.86806234716002,0.0,100.0,100.0,1.0,1.0
diabetes,MLP,clean,77.23718386876283,4.504255481392985,73.66023740122556,0.6011619958988375,92.56935997925433,100.0,0.0625,0.14878359802568097
diabetes,MLP,weighted,77.15721120984279,4.565247004662779,73.41756981116214,0.5211893369788104,100.0,100.0,0.1875,0.14761746036967519
diabetes,MLP,new,77.15721120984279,4.783096441081372,73.50343190937086,0.5211893369788096,92.56935997925433,100.0,0.4375,0.19725651553907378
glass,LR,old,64.56277056277055,8.787576313787328,52.538931564937755,0.0,100.0,100.0,1.0,1.0
glass,LR,clean,63.06060606060606,8.355846903014239,51.67500768008508,-1.5021645021645014,92.52266839378241,100.0,0.125,0.04068082421824512
glass,LR,weighted,63.81385281385281,8.322146483573913,49.3459138774309,-0.7489177489177489,100.0,99.11111111111111,0.1875,0.1564231697203086
glass,LR,new,61.926406926406926,8.73729598045763,48.09854484753866,-2.636363636363636,92.52266839378241,99.11111111111111,0.0625,0.0003560104525947425
glass,MLP,old,61.883116883116884,9.255206583912807,41.98057016459358,0.0,100.0,100.0,1.0,1.0
glass,MLP,clean,61.865800865800864,10.363781873194617,42.115784621619184,-0.01731601731601714,92.52266839378241,100.0,1.0,0.9848727112020381
glass,MLP,weighted,58.86147186147186,8.141263851952303,38.54861537158145,-3.021645021645021,100.0,99.11111111111111,0.0625,0.0055955971227865265
glass,MLP,new,58.69264069264068,9.326432994156514,37.79727612540082,-3.1904761904761902,92.52266839378241,99.11111111111111,0.125,0.0029089132941082065
iris,LR,old,95.33333333333334,5.593971487843206,95.27441077441077,0.0,100.0,100.0,1.0,1.0
iris,LR,clean,95.6,5.148145429234126,95.53838383838384,0.26666666666666683,97.73333333333333,100.0,0.5,0.15938605197461633
iris,LR,weighted,95.6,4.968837127903079,95.53569023569024,0.26666666666666655,100.0,77.0,0.5,0.15938605197461647
iris,LR,new,95.6,4.968837127903079,95.53569023569024,0.26666666666666655,97.73333333333333,77.0,0.5,0.15938605197461647
iris,MLP,old,88.26666666666664,7.566485358491887,87.83283013283013,0.0,100.0,100.0,1.0,1.0
iris,MLP,clean,88.26666666666667,8.363618438133392,87.891415991416,-5.684341886080802e-16,97.73333333333333,100.0,1.0,0.9999999999999992
iris,MLP,weighted,92.80000000000001,6.846552668804353,92.62609612609614,4.533333333333332,100.0,77.0,0.0625,3.628015160874158e-05
iris,MLP,new,92.66666666666666,6.494372236659931,92.53384023384024,4.399999999999999,97.73333333333333,77.0,0.0625,1.2565621321521584e-05
soybean,LR,old,94.02429667519183,2.351084668672142,96.06172230311367,0.0,100.0,100.0,1.0,1.0
soybean,LR,clean,92.91133844842285,2.5280183734237576,95.3476119016252,-1.1129582267689688,97.87534758083738,100.0,0.0625,0.0001668167514242233
soybean,LR,weighted,93.02600170502983,2.4299013543282215,95.03249034999584,-0.9982949701619765,100.0,37.669172932330824,0.0625,0.0009155649546440011
soybean,LR,new,92.90963341858482,2.667975481388261,94.79288190143671,-1.1146632566069903,97.87534758083738,37.669172932330824,0.0625,0.004037979624561404
soybean,MLP,old,93.40835464620633,2.5916429214695076,95.90803149496084,0.0,100.0,100.0,1.0,1.0
soybean,MLP,clean,93.05541346973573,2.67642597069651,95.5726191244413,-0.3529411764705878,97.87534758083738,100.0,0.25,0.24990004296486157
soybean,MLP,weighted,91.70886615515772,3.225276066974232,93.18698344191945,-1.699488491048595,100.0,37.669172932330824,0.0625,3.174782301213802e-05
soybean,MLP,new,91.4156010230179,3.1031273294098782,92.83906311370927,-1.9927536231884069,97.87534758083738,37.669172932330824,0.0625,8.923062677654416e-07
vote,LR,old,96.00105708245242,3.1661305817650582,95.7634747494898,0.0,100.0,100.0,1.0,1.0
vote,LR,clean,95.4059196617336,3.2064470095148674,95.15848922468989,-0.595137420718816,98.01270943159874,100.0,0.1875,0.07586695213551331
vote,LR,weighted,95.91331923890063,3.374014105993804,95.68733110772155,-0.08773784355179658,100.0,39.50000000000001,1.0,0.7474480470287883
vote,LR,new,95.22093023255813,3.4625701837943827,94.98794177582788,-0.7801268498942917,98.01270943159874,39.50000000000001,0.0625,0.02836683467120439
vote,MLP,old,94.7600422832981,3.5899856182345253,94.47390560491881,0.0,100.0,100.0,1.0,1.0
vote,MLP,clean,94.99048625792811,3.4895043341834464,94.7290503376037,0.2304439746300227,98.01270943159874,100.0,0.4375,0.5465289436787871
vote,MLP,weighted,94.62156448202958,3.664713328543021,94.32229904142228,-0.13847780126849699,100.0,39.50000000000001,0.8125,0.6662925807745202
vote,MLP,new,94.48414376321354,3.562994198041626,94.1958588655246,-0.27589852008456434,98.01270943159874,39.50000000000001,0.8125,0.5173922303219783
image-segmentation,LR,old,93.34199134199135,1.481367059376148,93.35139108551307,0.0,100.0,100.0,1.0,1.0
image-segmentation,LR,clean,93.48051948051949,1.5359221502091753,93.49765810050259,0.1385281385281394,99.14766714766715,100.0,0.125,0.0342364255958798
image-segmentation,LR,weighted,92.49350649350649,1.6722993110757163,92.48494665379387,-0.8484848484848467,100.0,78.63157894736842,0.0625,6.565072403194088e-09
image-segmentation,LR,new,92.6147186147186,1.760971009831606,92.6128851337277,-0.7272727272727252,99.14766714766715,78.63157894736842,0.0625,3.508970590268235e-06
image-segmentation,MLP,old,94.86580086580086,1.5274324647682944,94.84853770388372,0.0,100.0,100.0,1.0,1.0
image-segmentation,MLP,clean,94.65800865800865,1.6469501996093645,94.63963252148972,-0.2077922077922085,99.14766714766715,100.0,0.0625,0.07988704424065608
image-segmentation,MLP,weighted,93.4891774891775,1.6912879454792096,93.4784053838655,-1.3766233766233773,100.0,78.63157894736842,0.0625,2.1822931584389927e-09
image-segmentation,MLP,new,93.44588744588745,1.6031755441642634,93.43909397892872,-1.4199134199134196,99.14766714766715,78.63157894736842,0.0625,2.87776360981989e-10
tic-tac-toe,LR,old,98.33070175438597,1.3497663681625836,98.1189726717977,0.0,100.0,100.0,1.0,1.0
tic-tac-toe,LR,clean,98.33070175438597,1.3497663681625836,98.1189726717977,0.0,99.38993905143928,100.0,1.0,1.0
tic-tac-toe,LR,weighted,96.2421052631579,3.5507953587418735,95.65704120772351,-2.0885964912280715,100.0,91.03703703703704,0.0625,3.7920077139238e-05
tic-tac-toe,LR,new,96.32565789473685,3.5396283883299025,95.74766577469778,-2.005043859649124,99.38993905143928,91.03703703703704,0.0625,6.273527865142338e-05
tic-tac-toe,MLP,old,92.5293859649123,3.4787172812550446,91.44753000175297,0.0,100.0,100.0,1.0,1.0
tic-tac-toe,MLP,clean,86.78881578947369,6.939222353994432,84.5096243303255,-5.740570175438596,99.38993905143928,100.0,0.0625,1.9681294047857143e-06
tic-tac-toe,MLP,weighted,88.49999999999999,4.473485113300983,86.80926087808562,-4.029385964912282,100.0,91.03703703703704,0.0625,2.443218149476825e-07
tic-tac-toe,MLP,new,81.5063596491228,7.446931934194143,78.26665634696859,-11.023026315789474,99.38993905143928,91.03703703703704,0.0625,5.141815619253946e-13
nsl-kdd,LR,old,99.07113051916545,0.18377741712114942,84.6406268865464,0.0,100.0,100.0,1.0,1.0
nsl-kdd,LR,clean,99.0473143789738,0.17498737909076284,83.48155434870017,-0.023816140191685806,99.8414841133216,100.0,0.1875,0.009225688764639339
nsl-kdd,LR,weighted,98.2605594308651,0.30417727084038104,77.90651623435292,-0.8105710883003456,100.0,36.71186440677966,0.0625,3.473255846278062e-26
nsl-kdd,LR,new,98.29549046295773,0.2932853406441803,77.54923111360371,-0.7756400562077411,99.8414841133216,36.71186440677966,0.0625,5.762661391403726e-26
nsl-kdd,MLP,old,98.94489561869476,0.3561804187799401,82.16293580757629,0.0,100.0,100.0,1.0,1.0
nsl-kdd,MLP,clean,98.91710996427153,0.33733772032185216,80.92002059171554,-0.027785654423210248,99.8414841133216,100.0,0.8125,0.6530735664996752
nsl-kdd,MLP,weighted,98.59716787336876,0.40695888316845574,73.65149040123148,-0.347727745325999,100.0,36.71186440677966,0.125,1.1142535013179168e-05
nsl-kdd,MLP,new,98.52732124740858,0.5675047037004258,73.12289324887607,-0.4175743712861623,99.8414841133216,36.71186440677966,0.125,5.983248527379885e-05
