dataset,arm,final,accuracy_refit_per_fold,accuracy_before_cv,accuracy_classifier_on_all_data,delta_leaky_minus_honest,farid_reported,delta_leaky_vs_paper,delta_honest_vs_paper
breast-cancer,baseline,NB,70.88,70.88,72.03,+0.00,71.67,-0.79,-0.79
breast-cancer,baseline,DT,64.68,64.68,97.90,+0.00,75.52,-10.84,-10.84
breast-cancer,Alg1,DT,71.35,94.94,100.00,+23.59,81.46,+13.48,-10.11
breast-cancer,Alg2,NB,71.57,73.45,74.13,+1.88,75.87,-2.42,-4.30
breast-cancer,C1 N->A,DT,71.35,97.06,99.51,+25.71,,,
breast-cancer,C2 A->N,DT,71.92,97.32,100.00,+25.40,,,
contact-lenses,baseline,NB,86.11,86.11,87.50,+0.00,70.83,+15.28,+15.28
contact-lenses,baseline,DT,74.44,74.44,100.00,+0.00,83.33,-8.89,-8.89
contact-lenses,Alg1,DT,80.56,100.00,100.00,+19.44,91.66,+8.34,-11.10
contact-lenses,Alg2,NB,70.56,73.89,95.83,+3.33,87.50,-13.61,-16.94
contact-lenses,C1 N->A,DT,80.56,100.00,100.00,+19.44,,,
contact-lenses,C2 A->N,DT,68.89,91.11,100.00,+22.22,,,
diabetes,baseline,NB,75.52,75.52,76.30,+0.00,76.30,-0.78,-0.78
diabetes,baseline,DT,69.53,69.53,100.00,+0.00,73.82,-4.29,-4.29
diabetes,Alg1,DT,74.22,91.12,100.00,+16.91,79.03,+12.09,-4.81
diabetes,Alg2,NB,76.38,76.86,77.60,+0.48,85.41,-8.55,-9.03
diabetes,C1 N->A,DT,74.52,91.69,100.00,+17.17,,,
diabetes,C2 A->N,DT,75.52,95.19,100.00,+19.67,,,
glass,baseline,NB,46.60,46.60,55.14,+0.00,48.59,-1.99,-1.99
glass,baseline,DT,68.38,68.38,100.00,+0.00,66.82,+1.56,+1.56
glass,Alg1,DT,49.89,85.00,100.00,+35.11,76.27,+8.73,-26.38
glass,Alg2,NB,47.41,48.48,55.14,+1.07,52.33,-3.85,-4.92
glass,C1 N->A,DT,49.57,85.88,100.00,+36.32,,,
glass,C2 A->N,DT,52.39,93.16,100.00,+40.77,,,
iris,baseline,NB,95.56,95.56,96.00,+0.00,96.00,-0.44,-0.44
iris,baseline,DT,94.67,94.67,100.00,+0.00,96.00,-1.33,-1.33
iris,Alg1,DT,95.33,98.63,100.00,+3.30,98.66,-0.03,-3.33
iris,Alg2,NB,95.78,95.78,96.00,+0.00,98.00,-2.22,-2.22
iris,C1 N->A,DT,95.33,99.33,100.00,+4.00,,,
iris,C2 A->N,DT,95.56,98.81,100.00,+3.25,,,
soybean,baseline,NB,89.94,89.94,90.34,+0.00,92.83,-2.89,-2.89
soybean,baseline,DT,92.24,92.24,99.85,+0.00,91.50,+0.74,+0.74
soybean,Alg1,DT,88.68,97.25,100.00,+8.57,92.97,+4.28,-4.29
soybean,Alg2,NB,90.23,92.04,92.97,+1.81,94.15,-2.11,-3.92
soybean,C1 N->A,DT,88.43,97.95,99.84,+9.52,,,
soybean,C2 A->N,DT,90.87,98.79,100.00,+7.92,,,
vote,baseline,NB,90.18,90.18,90.57,+0.00,90.11,+0.07,+0.07
vote,baseline,DT,94.17,94.17,100.00,+0.00,96.32,-2.15,-2.15
vote,Alg1,DT,94.32,98.90,100.00,+4.58,97.70,+1.20,-3.38
vote,Alg2,NB,93.79,93.56,93.56,-0.23,94.48,-0.92,-0.69
vote,C1 N->A,DT,94.24,99.49,99.75,+5.25,,,
vote,C2 A->N,DT,94.47,98.94,100.00,+4.46,,,
image-segmentation,baseline,NB,79.67,79.67,80.04,+0.00,81.06,-1.39,-1.39
image-segmentation,baseline,DT,96.84,96.84,100.00,+0.00,95.73,+1.11,+1.11
image-segmentation,Alg1,DT,89.54,99.10,100.00,+9.56,96.53,+2.57,-6.99
image-segmentation,Alg2,NB,84.36,83.80,83.94,-0.56,85.19,-1.39,-0.83
image-segmentation,C1 N->A,DT,89.70,99.39,100.00,+9.69,,,
image-segmentation,C2 A->N,DT,90.48,99.02,100.00,+8.54,,,
tic-tac-toe,baseline,NB,68.82,68.82,69.00,+0.00,69.62,-0.80,-0.80
tic-tac-toe,baseline,DT,93.56,93.56,100.00,+0.00,85.07,+8.49,+8.49
tic-tac-toe,Alg1,DT,76.17,96.72,100.00,+20.55,88.10,+8.62,-11.93
tic-tac-toe,Alg2,NB,69.80,69.90,69.94,+0.10,78.91,-9.01,-9.11
tic-tac-toe,C1 N->A,DT,76.28,97.43,100.00,+21.15,,,
tic-tac-toe,C2 A->N,DT,73.77,99.15,100.00,+25.39,,,
nsl-kdd,baseline,NB,76.33,76.33,75.71,+0.00,76.27,+0.06,+0.06
nsl-kdd,baseline,DT,99.55,99.55,100.00,+0.00,71.11,+28.44,+28.44
nsl-kdd,Alg1,DT,85.76,99.90,100.00,+14.15,81.92,+17.98,+3.84
nsl-kdd,Alg2,NB,50.13,50.04,48.10,-0.09,82.39,-32.35,-32.26
nsl-kdd,C1 N->A,DT,83.90,99.84,99.95,+15.94,,,
nsl-kdd,C2 A->N,DT,80.27,99.98,100.00,+19.71,,,
