kind,rate,arm,classifier,accuracy,macro_f1,acc_std,accuracy_none,delta_vs_none
asymmetric,0.2,DT confident_joint,DT,88.66666666666666,88.58080808080808,8.91662339899506,81.33333333333334,7.333333333333314
asymmetric,0.2,DT confident_joint,LR,96.66666666666666,96.5909090909091,4.714045207910316,97.33333333333334,-0.6666666666666856
asymmetric,0.2,DT confident_joint,NB,92.66666666666666,92.33081733081733,6.629526173411685,91.33333333333334,1.3333333333333144
asymmetric,0.2,DT hard_vote,DT,88.66666666666666,88.58080808080808,8.91662339899506,81.33333333333334,7.333333333333314
asymmetric,0.2,DT hard_vote,LR,96.66666666666666,96.5909090909091,4.714045207910316,97.33333333333334,-0.6666666666666856
asymmetric,0.2,DT hard_vote,NB,92.66666666666666,92.33081733081733,6.629526173411685,91.33333333333334,1.3333333333333144
asymmetric,0.2,NB confident_joint,DT,90.66666666666666,90.35270285270285,6.440611887195306,81.33333333333334,9.333333333333314
asymmetric,0.2,NB confident_joint,LR,94.0,93.85521885521885,4.919098582484142,97.33333333333334,-3.333333333333343
asymmetric,0.2,NB confident_joint,NB,93.33333333333334,93.19528619528619,5.443310539518174,91.33333333333334,2.0
asymmetric,0.2,NB hard_vote,DT,92.0,91.72644022644023,9.322745317068014,81.33333333333334,10.666666666666657
asymmetric,0.2,NB hard_vote,LR,92.0,91.6153291153291,6.885303726590966,97.33333333333334,-5.333333333333343
asymmetric,0.2,NB hard_vote,NB,92.0,91.71297221297222,6.126243889817871,91.33333333333334,0.6666666666666572
asymmetric,0.2,committee consensus,DT,88.66666666666666,88.52791652791652,8.344437046897143,81.33333333333334,7.333333333333314
asymmetric,0.2,committee consensus,LR,96.66666666666666,96.5909090909091,4.714045207910316,97.33333333333334,-0.6666666666666856
asymmetric,0.2,committee consensus,NB,92.66666666666666,92.38637288637288,6.629526173411687,91.33333333333334,1.3333333333333144
asymmetric,0.2,none,DT,81.33333333333334,81.03668553668554,10.327955589886447,81.33333333333334,0.0
asymmetric,0.2,none,LR,97.33333333333334,97.26430976430977,4.661372658534006,97.33333333333334,0.0
asymmetric,0.2,none,NB,91.33333333333334,90.94192844192844,6.324555320336754,91.33333333333334,0.0
symmetric,0.2,DT confident_joint,DT,90.66666666666666,90.55050505050505,10.517475169954873,82.0,8.666666666666657
symmetric,0.2,DT confident_joint,LR,92.66666666666666,92.47979797979798,8.577892918052791,86.66666666666666,6.0
symmetric,0.2,DT confident_joint,NB,92.66666666666666,92.53535353535354,5.837300238472752,93.33333333333334,-0.6666666666666856
symmetric,0.2,DT hard_vote,DT,90.66666666666666,90.55050505050505,10.517475169954873,82.0,8.666666666666657
symmetric,0.2,DT hard_vote,LR,92.66666666666666,92.47979797979798,8.577892918052791,86.66666666666666,6.0
symmetric,0.2,DT hard_vote,NB,92.66666666666666,92.53535353535354,5.837300238472752,93.33333333333334,-0.6666666666666856
symmetric,0.2,NB confident_joint,DT,90.66666666666666,90.35270285270285,6.440611887195307,82.0,8.666666666666657
symmetric,0.2,NB confident_joint,LR,94.66666666666666,94.57070707070707,4.2163702135578385,86.66666666666666,8.0
symmetric,0.2,NB confident_joint,NB,94.0,93.8973063973064,3.784308081316978,93.33333333333334,0.6666666666666572
symmetric,0.2,NB hard_vote,DT,95.33333333333334,95.2020202020202,5.4884840156570975,82.0,13.333333333333343
symmetric,0.2,NB hard_vote,LR,93.33333333333333,93.22390572390572,3.142696805273544,86.66666666666666,6.666666666666671
symmetric,0.2,NB hard_vote,NB,94.0,93.8973063973064,3.7843080813169774,93.33333333333334,0.6666666666666572
symmetric,0.2,committee consensus,DT,91.33333333333333,91.14394864394865,9.96289412064884,82.0,9.333333333333329
symmetric,0.2,committee consensus,LR,92.0,91.91750841750842,8.19515062870479,86.66666666666666,5.333333333333343
symmetric,0.2,committee consensus,NB,92.66666666666666,92.37373737373737,5.83730023847275,93.33333333333334,-0.6666666666666856
symmetric,0.2,none,DT,82.0,81.42544492544492,10.909277963229846,82.0,0.0
symmetric,0.2,none,LR,86.66666666666666,86.2056832056832,9.938079899999067,86.66666666666666,0.0
symmetric,0.2,none,NB,93.33333333333334,93.15319865319864,6.285393610547086,93.33333333333334,0.0
