kind,rate,arm,precision,recall,f1,auroc,removed_pct,true_noise_pct,rescued
asymmetric,0.2,DT confident_joint,0.41917109192343427,0.7589778415294868,0.537171767652811,0.500925925925926,33.333333333333336,18.37037037037037,0.0
asymmetric,0.2,DT hard_vote,0.41917109192343427,0.7589778415294868,0.537171767652811,0.500925925925926,33.333333333333336,18.37037037037037,0.0
asymmetric,0.2,NB confident_joint,0.8216194660073379,0.7905027098665938,0.8006196015400822,0.4904823353451803,17.703703703703702,18.37037037037037,0.0
asymmetric,0.2,NB hard_vote,0.6659470602290075,0.8800593150547777,0.7548375195042116,0.4904823353451803,24.51851851851852,18.37037037037037,0.0
asymmetric,0.2,committee consensus,0.8811853587588881,0.5111977410877435,0.6441414216414216,0.4784605143378643,10.592592592592592,18.37037037037037,0.0
asymmetric,0.2,none,,0.0,0.0,0.5,0.0,18.37037037037037,0.0
symmetric,0.2,DT confident_joint,0.4663131622791606,0.8457153917520446,0.6001772744314993,0.49861111111111106,33.25925925925926,18.37037037037037,0.0
symmetric,0.2,DT hard_vote,0.46525036034679346,0.8457153917520446,0.5993401359231278,0.49861111111111106,33.333333333333336,18.37037037037037,0.0
symmetric,0.2,NB confident_joint,0.8229343225212791,0.8552690382408681,0.8360691361237468,0.5015605768281377,19.25925925925926,18.37037037037037,0.0
symmetric,0.2,NB hard_vote,0.6697001247156046,0.9554303265596171,0.7855914947572329,0.5015605768281377,26.296296296296294,18.37037037037037,0.0
symmetric,0.2,committee consensus,0.9125408496732026,0.6706492951536746,0.7691099826089828,0.46716365769083856,13.407407407407408,18.37037037037037,0.0
symmetric,0.2,none,,0.0,0.0,0.5,0.0,18.37037037037037,0.0
