dataset,kind,rate,handling,arm,classifier,accuracy,macro_f1,accuracy_none,macro_f1_none,delta_accuracy,delta_macro_f1
diabetes,pairflip,0.0,relabel,DT hard_vote,MLP,76.43229166666667,72.96610845217512,77.47395833333333,73.93469155541605,-1.0416666666666572,-0.9685831032409311
diabetes,pairflip,0.0,relabel,DT threshold,MLP,76.43229166666667,72.96610845217512,77.47395833333333,73.93469155541605,-1.0416666666666572,-0.9685831032409311
diabetes,pairflip,0.0,relabel,NB hard_vote,MLP,76.5625,73.52860075369956,77.47395833333333,73.93469155541605,-0.9114583333333286,-0.4060908017164877
diabetes,pairflip,0.0,relabel,NB threshold,MLP,75.26041666666667,72.82296935879194,77.47395833333333,73.93469155541605,-2.213541666666657,-1.1117221966241146
diabetes,pairflip,0.0,relabel,committee consensus,MLP,76.82291666666667,73.49875930521092,77.47395833333333,73.93469155541605,-0.6510416666666572,-0.43593225020512705
diabetes,pairflip,0.0,relabel,dual agreement,MLP,76.04166666666667,72.94034743711511,77.47395833333333,73.93469155541605,-1.4322916666666572,-0.994344118300944
diabetes,pairflip,0.0,relabel,none,MLP,77.47395833333333,73.93469155541605,77.47395833333333,73.93469155541605,0.0,0.0
diabetes,pairflip,0.0,relabel,reference labels,MLP,77.47395833333333,73.93469155541605,77.47395833333333,73.93469155541605,0.0,0.0
diabetes,pairflip,0.2,relabel,DT hard_vote,MLP,75.0,71.16756350894758,76.82291666666667,73.49875930521092,-1.8229166666666714,-2.3311957962633443
diabetes,pairflip,0.2,relabel,DT threshold,MLP,75.0,71.16756350894758,76.82291666666667,73.49875930521092,-1.8229166666666714,-2.3311957962633443
diabetes,pairflip,0.2,relabel,NB hard_vote,MLP,75.390625,72.65281899109792,76.82291666666667,73.49875930521092,-1.4322916666666714,-0.8459403141130082
diabetes,pairflip,0.2,relabel,NB threshold,MLP,74.21875,72.22007058978275,76.82291666666667,73.49875930521092,-2.6041666666666714,-1.2786887154281743
diabetes,pairflip,0.2,relabel,committee consensus,MLP,76.04166666666667,73.046875,76.82291666666667,73.49875930521092,-0.78125,-0.4518843052109247
diabetes,pairflip,0.2,relabel,dual agreement,MLP,75.26041666666667,72.82296935879194,76.82291666666667,73.49875930521092,-1.5625,-0.6757899464189876
diabetes,pairflip,0.2,relabel,none,MLP,76.82291666666667,73.49875930521092,76.82291666666667,73.49875930521092,0.0,0.0
diabetes,pairflip,0.2,relabel,reference labels,MLP,77.47395833333333,73.93469155541605,76.82291666666667,73.49875930521092,0.6510416666666572,0.43593225020512705
diabetes,symmetric,0.0,relabel,DT hard_vote,MLP,76.43229166666667,72.96610845217512,77.47395833333333,73.93469155541605,-1.0416666666666572,-0.9685831032409311
diabetes,symmetric,0.0,relabel,DT threshold,MLP,76.43229166666667,72.96610845217512,77.47395833333333,73.93469155541605,-1.0416666666666572,-0.9685831032409311
diabetes,symmetric,0.0,relabel,NB hard_vote,MLP,76.5625,73.52860075369956,77.47395833333333,73.93469155541605,-0.9114583333333286,-0.4060908017164877
diabetes,symmetric,0.0,relabel,NB threshold,MLP,75.26041666666667,72.82296935879194,77.47395833333333,73.93469155541605,-2.213541666666657,-1.1117221966241146
diabetes,symmetric,0.0,relabel,committee consensus,MLP,76.82291666666667,73.49875930521092,77.47395833333333,73.93469155541605,-0.6510416666666572,-0.43593225020512705
diabetes,symmetric,0.0,relabel,dual agreement,MLP,76.04166666666667,72.94034743711511,77.47395833333333,73.93469155541605,-1.4322916666666572,-0.994344118300944
diabetes,symmetric,0.0,relabel,none,MLP,77.47395833333333,73.93469155541605,77.47395833333333,73.93469155541605,0.0,0.0
diabetes,symmetric,0.0,relabel,reference labels,MLP,77.47395833333333,73.93469155541605,77.47395833333333,73.93469155541605,0.0,0.0
diabetes,symmetric,0.2,relabel,DT hard_vote,MLP,75.0,71.16756350894758,76.82291666666667,73.49875930521092,-1.8229166666666714,-2.3311957962633443
diabetes,symmetric,0.2,relabel,DT threshold,MLP,75.0,71.16756350894758,76.82291666666667,73.49875930521092,-1.8229166666666714,-2.3311957962633443
diabetes,symmetric,0.2,relabel,NB hard_vote,MLP,75.390625,72.65281899109792,76.82291666666667,73.49875930521092,-1.4322916666666714,-0.8459403141130082
diabetes,symmetric,0.2,relabel,NB threshold,MLP,74.21875,72.22007058978275,76.82291666666667,73.49875930521092,-2.6041666666666714,-1.2786887154281743
diabetes,symmetric,0.2,relabel,committee consensus,MLP,76.04166666666667,73.046875,76.82291666666667,73.49875930521092,-0.78125,-0.4518843052109247
diabetes,symmetric,0.2,relabel,dual agreement,MLP,75.26041666666667,72.82296935879194,76.82291666666667,73.49875930521092,-1.5625,-0.6757899464189876
diabetes,symmetric,0.2,relabel,none,MLP,76.82291666666667,73.49875930521092,76.82291666666667,73.49875930521092,0.0,0.0
diabetes,symmetric,0.2,relabel,reference labels,MLP,77.47395833333333,73.93469155541605,76.82291666666667,73.49875930521092,0.6510416666666572,0.43593225020512705
iris,pairflip,0.0,relabel,DT hard_vote,MLP,90.66666666666667,90.64891641944733,89.33333333333333,89.27904225072155,1.3333333333333428,1.3698741687257865
iris,pairflip,0.0,relabel,DT threshold,MLP,90.66666666666667,90.64891641944733,89.33333333333333,89.27904225072155,1.3333333333333428,1.3698741687257865
iris,pairflip,0.0,relabel,NB hard_vote,MLP,90.66666666666667,90.67520442520443,89.33333333333333,89.27904225072155,1.3333333333333428,1.3961621744828818
iris,pairflip,0.0,relabel,NB threshold,MLP,90.66666666666667,90.67520442520443,89.33333333333333,89.27904225072155,1.3333333333333428,1.3961621744828818
iris,pairflip,0.0,relabel,committee consensus,MLP,90.66666666666667,90.67520442520443,89.33333333333333,89.27904225072155,1.3333333333333428,1.3961621744828818
iris,pairflip,0.0,relabel,dual agreement,MLP,90.0,89.99762604529238,89.33333333333333,89.27904225072155,0.6666666666666714,0.7185837945708329
iris,pairflip,0.0,relabel,none,MLP,89.33333333333333,89.27904225072155,89.33333333333333,89.27904225072155,0.0,0.0
iris,pairflip,0.0,relabel,reference labels,MLP,89.33333333333333,89.27904225072155,89.33333333333333,89.27904225072155,0.0,0.0
iris,pairflip,0.2,relabel,DT hard_vote,MLP,88.0,87.83036858258097,84.66666666666667,84.32185273970263,3.3333333333333286,3.5085158428783387
iris,pairflip,0.2,relabel,DT threshold,MLP,85.33333333333333,84.95023495023496,84.66666666666667,84.32185273970263,0.6666666666666572,0.6283822105323225
iris,pairflip,0.2,relabel,NB hard_vote,MLP,80.66666666666667,79.36700336700336,84.66666666666667,84.32185273970263,-4.0,-4.954849372699272
iris,pairflip,0.2,relabel,NB threshold,MLP,84.66666666666667,84.32185273970263,84.66666666666667,84.32185273970263,0.0,0.0
iris,pairflip,0.2,relabel,committee consensus,MLP,84.0,83.33333333333334,84.66666666666667,84.32185273970263,-0.6666666666666714,-0.9885194063692921
iris,pairflip,0.2,relabel,dual agreement,MLP,87.33333333333333,87.11558674939816,84.66666666666667,84.32185273970263,2.666666666666657,2.7937340096955268
iris,pairflip,0.2,relabel,none,MLP,84.66666666666667,84.32185273970263,84.66666666666667,84.32185273970263,0.0,0.0
iris,pairflip,0.2,relabel,reference labels,MLP,89.33333333333333,89.27904225072155,84.66666666666667,84.32185273970263,4.666666666666657,4.95718951101891
iris,symmetric,0.0,relabel,DT hard_vote,MLP,90.66666666666667,90.64891641944733,89.33333333333333,89.27904225072155,1.3333333333333428,1.3698741687257865
iris,symmetric,0.0,relabel,DT threshold,MLP,90.66666666666667,90.64891641944733,89.33333333333333,89.27904225072155,1.3333333333333428,1.3698741687257865
iris,symmetric,0.0,relabel,NB hard_vote,MLP,90.66666666666667,90.67520442520443,89.33333333333333,89.27904225072155,1.3333333333333428,1.3961621744828818
iris,symmetric,0.0,relabel,NB threshold,MLP,90.66666666666667,90.67520442520443,89.33333333333333,89.27904225072155,1.3333333333333428,1.3961621744828818
iris,symmetric,0.0,relabel,committee consensus,MLP,90.66666666666667,90.67520442520443,89.33333333333333,89.27904225072155,1.3333333333333428,1.3961621744828818
iris,symmetric,0.0,relabel,dual agreement,MLP,90.0,89.99762604529238,89.33333333333333,89.27904225072155,0.6666666666666714,0.7185837945708329
iris,symmetric,0.0,relabel,none,MLP,89.33333333333333,89.27904225072155,89.33333333333333,89.27904225072155,0.0,0.0
iris,symmetric,0.0,relabel,reference labels,MLP,89.33333333333333,89.27904225072155,89.33333333333333,89.27904225072155,0.0,0.0
iris,symmetric,0.2,relabel,DT hard_vote,MLP,86.66666666666667,86.50458706984067,86.66666666666667,86.58078368223295,0.0,-0.07619661239228037
iris,symmetric,0.2,relabel,DT threshold,MLP,86.66666666666667,86.50458706984067,86.66666666666667,86.58078368223295,0.0,-0.07619661239228037
iris,symmetric,0.2,relabel,NB hard_vote,MLP,86.66666666666667,86.68710918710917,86.66666666666667,86.58078368223295,0.0,0.10632550487622439
iris,symmetric,0.2,relabel,NB threshold,MLP,90.0,89.97493734335839,86.66666666666667,86.58078368223295,3.3333333333333286,3.3941536611254435
iris,symmetric,0.2,relabel,committee consensus,MLP,90.0,90.02148100086244,86.66666666666667,86.58078368223295,3.3333333333333286,3.440697318629489
iris,symmetric,0.2,relabel,dual agreement,MLP,90.66666666666667,90.6517094017094,86.66666666666667,86.58078368223295,4.0,4.070925719476449
iris,symmetric,0.2,relabel,none,MLP,86.66666666666667,86.58078368223295,86.66666666666667,86.58078368223295,0.0,0.0
iris,symmetric,0.2,relabel,reference labels,MLP,89.33333333333333,89.27904225072155,86.66666666666667,86.58078368223295,2.666666666666657,2.6982585684885976
vote,pairflip,0.0,relabel,DT hard_vote,MLP,94.48275862068965,94.2064372918979,94.48275862068965,94.19406504426748,0.0,0.012372247630423772
vote,pairflip,0.0,relabel,DT threshold,MLP,94.48275862068965,94.2064372918979,94.48275862068965,94.19406504426748,0.0,0.012372247630423772
vote,pairflip,0.0,relabel,NB hard_vote,MLP,88.73563218390805,88.3614264419218,94.48275862068965,94.19406504426748,-5.747126436781599,-5.832638602345682
vote,pairflip,0.0,relabel,NB threshold,MLP,90.34482758620689,90.04901960784312,94.48275862068965,94.19406504426748,-4.137931034482762,-4.145045436424354
vote,pairflip,0.0,relabel,committee consensus,MLP,94.48275862068965,94.21850079744817,94.48275862068965,94.19406504426748,0.0,0.024435753180696906
vote,pairflip,0.0,relabel,dual agreement,MLP,94.25287356321839,93.98376862265643,94.48275862068965,94.19406504426748,-0.22988505747126453,-0.2102964216110479
vote,pairflip,0.0,relabel,none,MLP,94.48275862068965,94.19406504426748,94.48275862068965,94.19406504426748,0.0,0.0
vote,pairflip,0.0,relabel,reference labels,MLP,94.48275862068965,94.19406504426748,94.48275862068965,94.19406504426748,0.0,0.0
vote,pairflip,0.2,relabel,DT hard_vote,MLP,91.03448275862068,90.66980514659377,90.57471264367815,90.11303349982538,0.45977011494252906,0.5567716467683965
vote,pairflip,0.2,relabel,DT threshold,MLP,90.34482758620689,89.99802916830902,90.57471264367815,90.11303349982538,-0.22988505747126453,-0.11500433151636003
vote,pairflip,0.2,relabel,NB hard_vote,MLP,88.96551724137932,88.64575629703747,90.57471264367815,90.11303349982538,-1.6091954022988375,-1.467277202787912
vote,pairflip,0.2,relabel,NB threshold,MLP,89.19540229885058,88.87340883487802,90.57471264367815,90.11303349982538,-1.379310344827573,-1.2396246649473568
vote,pairflip,0.2,relabel,committee consensus,MLP,92.64367816091954,92.35164835164835,90.57471264367815,90.11303349982538,2.068965517241381,2.238614851822973
vote,pairflip,0.2,relabel,dual agreement,MLP,91.95402298850574,91.65757995846599,90.57471264367815,90.11303349982538,1.3793103448275872,1.5445464586406104
vote,pairflip,0.2,relabel,none,MLP,90.57471264367815,90.11303349982538,90.57471264367815,90.11303349982538,0.0,0.0
vote,pairflip,0.2,relabel,reference labels,MLP,94.48275862068965,94.19406504426748,90.57471264367815,90.11303349982538,3.908045977011497,4.081031544442098
vote,symmetric,0.0,relabel,DT hard_vote,MLP,94.48275862068965,94.2064372918979,94.48275862068965,94.19406504426748,0.0,0.012372247630423772
vote,symmetric,0.0,relabel,DT threshold,MLP,94.48275862068965,94.2064372918979,94.48275862068965,94.19406504426748,0.0,0.012372247630423772
vote,symmetric,0.0,relabel,NB hard_vote,MLP,88.73563218390805,88.3614264419218,94.48275862068965,94.19406504426748,-5.747126436781599,-5.832638602345682
vote,symmetric,0.0,relabel,NB threshold,MLP,90.34482758620689,90.04901960784312,94.48275862068965,94.19406504426748,-4.137931034482762,-4.145045436424354
vote,symmetric,0.0,relabel,committee consensus,MLP,94.48275862068965,94.21850079744817,94.48275862068965,94.19406504426748,0.0,0.024435753180696906
vote,symmetric,0.0,relabel,dual agreement,MLP,94.25287356321839,93.98376862265643,94.48275862068965,94.19406504426748,-0.22988505747126453,-0.2102964216110479
vote,symmetric,0.0,relabel,none,MLP,94.48275862068965,94.19406504426748,94.48275862068965,94.19406504426748,0.0,0.0
vote,symmetric,0.0,relabel,reference labels,MLP,94.48275862068965,94.19406504426748,94.48275862068965,94.19406504426748,0.0,0.0
vote,symmetric,0.2,relabel,DT hard_vote,MLP,91.03448275862068,90.66980514659377,90.57471264367815,90.11303349982538,0.45977011494252906,0.5567716467683965
vote,symmetric,0.2,relabel,DT threshold,MLP,90.34482758620689,89.99802916830902,90.57471264367815,90.11303349982538,-0.22988505747126453,-0.11500433151636003
vote,symmetric,0.2,relabel,NB hard_vote,MLP,88.96551724137932,88.64575629703747,90.57471264367815,90.11303349982538,-1.6091954022988375,-1.467277202787912
vote,symmetric,0.2,relabel,NB threshold,MLP,89.19540229885058,88.87340883487802,90.57471264367815,90.11303349982538,-1.379310344827573,-1.2396246649473568
vote,symmetric,0.2,relabel,committee consensus,MLP,92.64367816091954,92.35164835164835,90.57471264367815,90.11303349982538,2.068965517241381,2.238614851822973
vote,symmetric,0.2,relabel,dual agreement,MLP,91.95402298850574,91.65757995846599,90.57471264367815,90.11303349982538,1.3793103448275872,1.5445464586406104
vote,symmetric,0.2,relabel,none,MLP,90.57471264367815,90.11303349982538,90.57471264367815,90.11303349982538,0.0,0.0
vote,symmetric,0.2,relabel,reference labels,MLP,94.48275862068965,94.19406504426748,90.57471264367815,90.11303349982538,3.908045977011497,4.081031544442098
