kind,rate,handling,arm,seed,fold_seed,tp,fp,fn,tn,precision,recall,f1,auroc,flagged_pct,false_positive_rate,true_noise_pct,post_noise_pct,corrected,newly_wrong,rows_after,rescued_by_floor,fold
pairflip,0.0,relabel,DT hard_vote,0.0,4.5,0.0,785.3333333333334,0.0,3273.6666666666665,0.0,,0.0,,13.726365327754834,0.13726113505747126,0.0,13.726365327754834,0.0,78.53333333333335,405.90000000000003,0.0,4.5
pairflip,0.0,relabel,DT threshold,0.0,4.5,0.0,785.3333333333334,0.0,3273.6666666666665,0.0,,0.0,,13.726365327754834,0.13726113505747126,0.0,13.726365327754834,0.0,78.53333333333335,405.90000000000003,0.0,4.5
pairflip,0.0,relabel,NB hard_vote,0.0,4.5,0.0,717.6666666666666,0.0,3341.3333333333335,0.0,,0.0,,13.043448385696294,0.1304347594721158,0.0,13.043448385696294,0.0,71.76666666666667,405.90000000000003,0.0,4.5
pairflip,0.0,relabel,NB threshold,0.0,4.5,0.0,513.3333333333334,0.0,3545.6666666666665,0.0,,0.0,,9.193374600102153,0.09193373510004259,0.0,9.193374600102153,0.0,51.333333333333336,405.90000000000003,0.0,4.5
pairflip,0.0,relabel,committee consensus,0.0,4.5,0.0,399.3333333333333,0.0,3659.6666666666665,0.0,,0.0,,7.1825286914970325,0.07182358184333759,0.0,7.1825286914970325,0.0,39.93333333333334,405.90000000000003,0.0,4.5
pairflip,0.0,relabel,dual agreement,0.0,4.5,0.0,294.6666666666667,0.0,3764.3333333333335,0.0,,0.0,,5.174295915762203,0.05174183163048105,0.0,5.174295915762203,0.0,29.46666666666667,405.90000000000003,0.0,4.5
pairflip,0.0,relabel,none,0.0,4.5,0.0,0.0,0.0,4059.0,,,,,0.0,0.0,0.0,0.0,0.0,0.0,405.90000000000003,0.0,4.5
pairflip,0.2,relabel,DT hard_vote,0.0,4.5,549.6666666666666,1035.0,250.0,2224.3333333333335,0.39479003378934,0.7228308511961684,0.5094312673007287,0.7219775799563903,36.31269913196794,0.2778114672972944,19.331854644358604,27.932993735163535,54.73333333333333,103.5,405.90000000000003,0.0,4.5
pairflip,0.2,relabel,DT threshold,0.0,4.5,544.6666666666666,1015.6666666666666,255.0,2243.6666666666665,0.40017061126425024,0.7163204345295018,0.511802739757803,0.7219775799563903,35.65866151047812,0.271274931574722,19.331854644358604,27.534449615422243,54.23333333333333,101.56666666666666,405.90000000000003,0.0,4.5
pairflip,0.2,relabel,NB hard_vote,0.0,4.5,653.0,644.6666666666666,146.66666666666666,2614.6666666666665,0.5714130531677809,0.8491681341792425,0.6808146135703383,0.9126494099855815,29.561960894968333,0.16372034036840935,19.331854644358604,16.266666584326448,65.1,64.46666666666665,405.90000000000003,0.0,4.5
pairflip,0.2,relabel,NB threshold,0.0,4.5,605.3333333333334,506.0,194.33333333333334,2753.3333333333335,0.6384154990159322,0.8097937877568633,0.7116972713380291,0.9126494099855815,25.26574474193465,0.1202267574682998,19.331854644358604,13.532631388587518,60.333333333333336,50.6,405.90000000000003,0.0,4.5
pairflip,0.2,relabel,committee consensus,0.0,4.5,475.6666666666667,335.0,324.0,2924.3333333333335,0.6705277445621766,0.6381083617117222,0.6529771397609746,0.8736067825279391,18.78500908853894,0.08063223778313572,19.331854644358604,13.661964315951545,47.36666666666667,33.5,405.90000000000003,0.0,4.5
pairflip,0.2,relabel,dual agreement,0.0,4.5,439.6666666666667,268.3333333333333,360.0,2991.0,0.7153707908879557,0.596222205943523,0.6492367021473866,0.8736067825279391,16.40427073756879,0.06119999529839018,19.331854644358604,12.781516945223308,43.93333333333334,26.833333333333332,405.90000000000003,0.0,4.5
pairflip,0.2,relabel,none,0.0,4.5,0.0,0.0,799.6666666666666,3259.3333333333335,,0.0,0.0,,0.0,0.0,19.331854644358604,19.331854644358604,0.0,0.0,405.90000000000003,0.0,4.5
symmetric,0.0,relabel,DT hard_vote,0.0,4.5,0.0,785.3333333333334,0.0,3273.6666666666665,0.0,,0.0,,13.726365327754834,0.13726113505747126,0.0,13.726365327754834,0.0,78.53333333333335,405.90000000000003,0.0,4.5
symmetric,0.0,relabel,DT threshold,0.0,4.5,0.0,785.3333333333334,0.0,3273.6666666666665,0.0,,0.0,,13.726365327754834,0.13726113505747126,0.0,13.726365327754834,0.0,78.53333333333335,405.90000000000003,0.0,4.5
symmetric,0.0,relabel,NB hard_vote,0.0,4.5,0.0,717.6666666666666,0.0,3341.3333333333335,0.0,,0.0,,13.043448385696294,0.1304347594721158,0.0,13.043448385696294,0.0,71.76666666666667,405.90000000000003,0.0,4.5
symmetric,0.0,relabel,NB threshold,0.0,4.5,0.0,513.3333333333334,0.0,3545.6666666666665,0.0,,0.0,,9.193374600102153,0.09193373510004259,0.0,9.193374600102153,0.0,51.333333333333336,405.90000000000003,0.0,4.5
symmetric,0.0,relabel,committee consensus,0.0,4.5,0.0,399.3333333333333,0.0,3659.6666666666665,0.0,,0.0,,7.1825286914970325,0.07182358184333759,0.0,7.1825286914970325,0.0,39.93333333333334,405.90000000000003,0.0,4.5
symmetric,0.0,relabel,dual agreement,0.0,4.5,0.0,294.6666666666667,0.0,3764.3333333333335,0.0,,0.0,,5.174295915762203,0.05174183163048105,0.0,5.174295915762203,0.0,29.46666666666667,405.90000000000003,0.0,4.5
symmetric,0.0,relabel,none,0.0,4.5,0.0,0.0,0.0,4059.0,,,,,0.0,0.0,0.0,0.0,0.0,0.0,405.90000000000003,0.0,4.5
symmetric,0.2,relabel,DT hard_vote,0.0,4.5,556.3333333333334,1035.0,243.33333333333334,2224.3333333333335,0.40305876763946924,0.7497125716262761,0.5231803410695809,0.7344139263426624,36.80652629246176,0.2778114672972944,19.331854644358604,27.834228303064773,54.866666666666674,103.5,405.90000000000003,0.0,4.5
symmetric,0.2,relabel,DT threshold,0.0,4.5,551.3333333333334,1016.0,248.33333333333334,2243.3333333333335,0.4080975378369733,0.7432021549596094,0.5252868460572718,0.7344139263426624,36.17718002899664,0.2715774119135,19.331854644358604,27.460375541348167,54.366666666666674,101.60000000000001,405.90000000000003,0.0,4.5
symmetric,0.2,relabel,NB hard_vote,0.0,4.5,658.6666666666666,641.0,141.0,2618.3333333333335,0.5838241001564946,0.872017596544834,0.6971650223305573,0.9184209863642844,29.71010904311648,0.16039305664185158,19.331854644358604,15.822222139882006,65.33333333333333,64.1,405.90000000000003,0.0,4.5
symmetric,0.2,relabel,NB threshold,0.0,4.5,603.3333333333334,502.3333333333333,196.33333333333334,2757.0,0.6478758341080363,0.8017292716278311,0.7130870976097451,0.9184209863642844,24.845991655514897,0.11689947374174203,19.331854644358604,13.483248672538137,60.03333333333333,50.23333333333333,405.90000000000003,0.0,4.5
symmetric,0.2,relabel,committee consensus,0.0,4.5,487.3333333333333,333.3333333333333,312.3333333333333,2926.0,0.6869319440372421,0.6851513724644104,0.6852773175807688,0.8809403448024642,19.52574982927968,0.07911983608924582,19.331854644358604,13.094063081383645,47.96666666666667,33.333333333333336,405.90000000000003,0.0,4.5
symmetric,0.2,relabel,dual agreement,0.0,4.5,441.6666666666667,265.6666666666667,358.0,2993.6666666666665,0.7293181182995188,0.6042867220725553,0.6596195888743593,0.8809403448024642,16.354888021519407,0.058780152588166344,19.331854644358604,12.534603364976396,44.0,26.566666666666666,405.90000000000003,0.0,4.5
symmetric,0.2,relabel,none,0.0,4.5,0.0,0.0,799.6666666666666,3259.3333333333335,,0.0,0.0,,0.0,0.0,19.331854644358604,19.331854644358604,0.0,0.0,405.90000000000003,0.0,4.5
