row,class,votes_against
1038,portsweep,6
1571,normal,6
1822,normal,6
2294,ftp_write,6
3005,multihop,6
5831,buffer_overflow,6
7353,normal,6
9603,portsweep,6
9694,normal,6
9807,portsweep,6
9972,satan,6
10533,normal,6
10661,nmap,6
10738,phf,6
10740,satan,6
11120,portsweep,6
11448,rootkit,6
11551,phf,6
12375,warezmaster,6
13183,normal,6
13378,warezmaster,6
14099,rootkit,6
14148,normal,6
14601,normal,6
15017,back,6
15246,normal,6
16015,land,6
16515,normal,6
16983,rootkit,6
19448,loadmodule,6
19577,portsweep,6
19633,normal,6
20813,multihop,6
21445,spy,6
21543,imap,6
22983,normal,6
23962,normal,6
24183,portsweep,6
25095,ipsweep,6
