dataset,arm,final,accuracy,accuracy_std,macro_f1,instances_removed_pct,attributes_kept_pct,seeds,n_splits,ccp_alpha
breast-cancer,baseline,NB,57.4212,16.1390,52.5649,0.00,100.00,5,10,0.01
breast-cancer,baseline,DT,65.4729,7.3565,58.1002,0.00,100.00,5,10,0.01
breast-cancer,Alg1,NB,64.4557,11.1192,58.2467,37.38,100.00,5,10,0.01
breast-cancer,Alg1,DT,56.6552,15.4517,51.4010,37.38,100.00,5,10,0.01
breast-cancer,Alg2,NB,64.2586,12.2031,50.9945,0.00,52.15,5,10,0.01
breast-cancer,Alg2,DT,68.3300,7.9609,59.9152,0.00,52.15,5,10,0.01
breast-cancer,C1 N->A,NB,56.2389,17.7630,50.5881,37.38,25.61,5,10,0.01
breast-cancer,C1 N->A,DT,56.8645,15.5922,51.7233,37.38,25.61,5,10,0.01
breast-cancer,C2 A->N,NB,64.9729,11.6152,56.9414,31.63,52.15,5,10,0.01
breast-cancer,C2 A->N,DT,64.6158,11.9413,51.3766,31.63,52.15,5,10,0.01
contact-lenses,baseline,NB,84.0000,21.0713,77.7778,0.00,100.00,5,10,0.01
contact-lenses,baseline,DT,82.0000,24.0000,75.2778,0.00,100.00,5,10,0.01
contact-lenses,Alg1,NB,84.0000,21.0713,77.7778,11.65,100.00,5,10,0.01
contact-lenses,Alg1,DT,84.0000,21.0713,77.7778,11.65,100.00,5,10,0.01
contact-lenses,Alg2,NB,84.0000,21.0713,77.7778,0.00,100.00,5,10,0.01
contact-lenses,Alg2,DT,82.0000,24.0000,75.2778,0.00,100.00,5,10,0.01
contact-lenses,C1 N->A,NB,84.0000,21.0713,77.7778,11.65,52.50,5,10,0.01
contact-lenses,C1 N->A,DT,84.0000,21.0713,77.7778,11.65,52.50,5,10,0.01
contact-lenses,C2 A->N,NB,84.0000,21.0713,77.7778,11.65,100.00,5,10,0.01
contact-lenses,C2 A->N,DT,84.0000,21.0713,77.7778,11.65,100.00,5,10,0.01
diabetes,baseline,NB,75.3636,4.5878,72.1298,0.00,100.00,5,10,0.01
diabetes,baseline,DT,70.6709,4.4460,67.8121,0.00,100.00,5,10,0.01
diabetes,Alg1,NB,74.3465,5.0682,71.3497,23.66,100.00,5,10,0.01
diabetes,Alg1,DT,74.7898,5.0207,70.7673,23.66,100.00,5,10,0.01
diabetes,Alg2,NB,76.2707,5.1139,71.9897,0.00,64.25,5,10,0.01
diabetes,Alg2,DT,69.9658,5.6049,66.9354,0.00,64.25,5,10,0.01
diabetes,C1 N->A,NB,75.6196,4.7971,71.9688,23.66,82.25,5,10,0.01
diabetes,C1 N->A,DT,74.9703,4.8416,71.0064,23.66,82.25,5,10,0.01
diabetes,C2 A->N,NB,75.6470,4.4903,70.9541,23.07,64.25,5,10,0.01
diabetes,C2 A->N,DT,75.3872,4.0767,70.8233,23.07,64.25,5,10,0.01
glass,baseline,NB,46.3377,10.8137,46.1307,0.00,100.00,5,10,0.01
glass,baseline,DT,67.9740,9.0407,64.2551,0.00,100.00,5,10,0.01
glass,Alg1,NB,37.2035,12.6299,40.8506,47.20,100.00,5,10,0.01
glass,Alg1,DT,50.6926,12.6117,47.7945,47.20,100.00,5,10,0.01
glass,Alg2,NB,47.8615,9.5238,42.7572,0.00,99.11,5,10,0.01
glass,Alg2,DT,68.1558,8.8116,64.6715,0.00,99.11,5,10,0.01
glass,C1 N->A,NB,36.6450,11.0846,40.8704,47.20,80.00,5,10,0.01
glass,C1 N->A,DT,50.3117,12.5540,46.5099,47.20,80.00,5,10,0.01
glass,C2 A->N,NB,44.9394,10.5813,42.3942,46.50,99.11,5,10,0.01
glass,C2 A->N,DT,51.4372,9.4285,46.5739,46.50,99.11,5,10,0.01
iris,baseline,NB,95.4667,5.0667,95.4037,0.00,100.00,5,10,0.01
iris,baseline,DT,94.5333,5.7643,94.4285,0.00,100.00,5,10,0.01
iris,Alg1,NB,95.6000,5.0964,95.5384,4.13,100.00,5,10,0.01
iris,Alg1,DT,95.3333,5.6960,95.2660,4.13,100.00,5,10,0.01
iris,Alg2,NB,95.8667,4.9692,95.8051,0.00,77.00,5,10,0.01
iris,Alg2,DT,94.0000,5.8500,93.8840,0.00,77.00,5,10,0.01
iris,C1 N->A,NB,95.3333,5.6960,95.2549,4.13,48.00,5,10,0.01
iris,C1 N->A,DT,95.3333,5.6960,95.2660,4.13,48.00,5,10,0.01
iris,C2 A->N,NB,95.8667,4.9692,95.8051,4.13,77.00,5,10,0.01
iris,C2 A->N,DT,95.8667,5.3150,95.7638,4.13,77.00,5,10,0.01
soybean,baseline,NB,94.2873,2.4638,96.7234,0.00,100.00,5,10,0.01
soybean,baseline,DT,92.4416,3.5232,95.1439,0.00,100.00,5,10,0.01
soybean,Alg1,NB,94.0239,2.4214,96.5566,4.98,100.00,5,10,0.01
soybean,Alg1,DT,93.2327,2.9550,95.5340,4.98,100.00,5,10,0.01
soybean,Alg2,NB,93.2046,2.8871,96.1056,0.00,24.68,5,10,0.01
soybean,Alg2,DT,92.7941,3.0693,95.1296,0.00,24.68,5,10,0.01
soybean,C1 N->A,NB,93.6709,2.5588,96.2583,4.98,21.74,5,10,0.01
soybean,C1 N->A,DT,93.0256,3.0559,95.3183,4.98,21.74,5,10,0.01
soybean,C2 A->N,NB,93.3798,2.8663,96.1676,6.04,24.68,5,10,0.01
soybean,C2 A->N,DT,93.0575,3.0050,95.5204,6.04,24.68,5,10,0.01
vote,baseline,NB,94.4387,3.4531,94.0969,0.00,100.00,5,10,0.01
vote,baseline,DT,94.1638,3.0852,93.8489,0.00,100.00,5,10,0.01
vote,Alg1,NB,93.7981,3.7743,93.4137,5.08,100.00,5,10,0.01
vote,Alg1,DT,95.4070,2.9285,95.1667,5.08,100.00,5,10,0.01
vote,Alg2,NB,95.0814,2.9049,94.8548,0.00,15.38,5,10,0.01
vote,Alg2,DT,94.1152,3.5906,93.8041,0.00,15.38,5,10,0.01
vote,C1 N->A,NB,95.3182,3.0281,95.0917,5.08,4.29,5,10,0.01
vote,C1 N->A,DT,94.4873,3.1598,94.1744,5.08,4.29,5,10,0.01
vote,C2 A->N,NB,95.3129,3.1480,95.1129,4.52,15.38,5,10,0.01
vote,C2 A->N,DT,95.3594,3.0255,95.1537,4.52,15.38,5,10,0.01
image-segmentation,baseline,NB,79.6883,1.8034,77.7065,0.00,100.00,5,10,0.01
image-segmentation,baseline,DT,96.8225,1.2140,96.8195,0.00,100.00,5,10,0.01
image-segmentation,Alg1,NB,75.0823,2.5642,74.6635,19.87,100.00,5,10,0.01
image-segmentation,Alg1,DT,89.6190,1.4526,89.4433,19.87,100.00,5,10,0.01
image-segmentation,Alg2,NB,84.4762,3.0903,84.4852,0.00,43.68,5,10,0.01
image-segmentation,Alg2,DT,96.7186,1.3076,96.7207,0.00,43.68,5,10,0.01
image-segmentation,C1 N->A,NB,72.3550,2.4381,71.1685,19.87,35.89,5,10,0.01
image-segmentation,C1 N->A,DT,89.9654,1.7201,89.8070,19.87,35.89,5,10,0.01
image-segmentation,C2 A->N,NB,80.7965,3.2137,80.8450,14.91,43.68,5,10,0.01
image-segmentation,C2 A->N,DT,90.5455,2.0163,90.5365,14.91,43.68,5,10,0.01
tic-tac-toe,baseline,NB,67.1827,4.5277,62.7393,0.00,100.00,5,10,0.01
tic-tac-toe,baseline,DT,93.9860,2.8401,93.3252,0.00,100.00,5,10,0.01
tic-tac-toe,Alg1,NB,67.7480,3.4984,63.6943,31.58,100.00,5,10,0.01
tic-tac-toe,Alg1,DT,73.6787,5.3731,69.9142,31.58,100.00,5,10,0.01
tic-tac-toe,Alg2,NB,68.3511,4.0526,61.8838,0.00,59.19,5,10,0.01
tic-tac-toe,Alg2,DT,95.7621,1.9304,95.2877,0.00,59.19,5,10,0.01
tic-tac-toe,C1 N->A,NB,69.9627,4.2407,66.9390,31.58,37.26,5,10,0.01
tic-tac-toe,C1 N->A,DT,72.1779,5.3734,68.1882,31.58,37.26,5,10,0.01
tic-tac-toe,C2 A->N,NB,69.2307,3.8921,65.9044,30.86,59.19,5,10,0.01
tic-tac-toe,C2 A->N,DT,73.4283,3.9450,66.8818,30.86,59.19,5,10,0.01
nsl-kdd,baseline,NB,48.5351,6.0909,27.0856,0.00,100.00,5,10,0.01
nsl-kdd,baseline,DT,99.5530,0.1144,81.2019,0.00,100.00,5,10,0.01
nsl-kdd,Alg1,NB,49.7607,8.5483,23.0648,51.37,100.00,5,10,0.01
nsl-kdd,Alg1,DT,84.6617,2.6318,44.1173,51.37,100.00,5,10,0.01
nsl-kdd,Alg2,NB,43.0906,2.9667,15.8358,0.00,11.44,5,10,0.01
nsl-kdd,Alg2,DT,99.4443,0.1170,83.2762,0.00,11.44,5,10,0.01
nsl-kdd,C1 N->A,NB,43.8930,9.6565,18.2436,51.37,6.12,5,10,0.01
nsl-kdd,C1 N->A,DT,84.2401,4.2681,43.2800,51.37,6.12,5,10,0.01
nsl-kdd,C2 A->N,NB,45.9698,14.4051,13.6080,56.87,11.44,5,10,0.01
nsl-kdd,C2 A->N,DT,64.9109,10.3280,24.8690,56.87,11.44,5,10,0.01
