dataset,arm,final,stage,algorithm,rows_before,rows_after,rows_removed_pct,attrs_before,attrs_after,attrs_removed_pct,skipped_pct
breast-cancer,Alg1,NB,1,Alg1,257.4,185.7,27.85,41.0,41.0,0.00,0.0
breast-cancer,Alg1,DT,1,Alg1,257.4,185.7,27.85,41.0,41.0,0.00,0.0
breast-cancer,Alg2,NB,1,Alg2,257.4,257.4,0.00,41.0,33.3,18.88,0.0
breast-cancer,Alg2,DT,1,Alg2,257.4,257.4,0.00,41.0,33.3,18.88,0.0
breast-cancer,C1 N->A,NB,1,Alg1,257.4,185.7,27.85,41.0,41.0,0.00,0.0
breast-cancer,C1 N->A,NB,2,Alg2,185.7,185.7,0.00,41.0,8.0,80.49,0.0
breast-cancer,C1 N->A,DT,1,Alg1,257.4,185.7,27.85,41.0,41.0,0.00,0.0
breast-cancer,C1 N->A,DT,2,Alg2,185.7,185.7,0.00,41.0,8.0,80.49,0.0
breast-cancer,C2 A->N,NB,1,Alg2,257.4,257.4,0.00,41.0,33.3,18.88,0.0
breast-cancer,C2 A->N,NB,2,Alg1,257.4,191.4,25.63,33.3,33.3,0.00,0.0
breast-cancer,C2 A->N,DT,1,Alg2,257.4,257.4,0.00,41.0,33.3,18.88,0.0
breast-cancer,C2 A->N,DT,2,Alg1,257.4,191.4,25.63,33.3,33.3,0.00,0.0
contact-lenses,Alg1,NB,1,Alg1,21.6,19.1,11.67,4.0,4.0,0.00,0.0
contact-lenses,Alg1,DT,1,Alg1,21.6,19.1,11.67,4.0,4.0,0.00,0.0
contact-lenses,Alg2,NB,1,Alg2,21.6,21.6,0.00,4.0,4.0,0.00,0.0
contact-lenses,Alg2,DT,1,Alg2,21.6,21.6,0.00,4.0,4.0,0.00,0.0
contact-lenses,C1 N->A,NB,1,Alg1,21.6,19.1,11.67,4.0,4.0,0.00,0.0
contact-lenses,C1 N->A,NB,2,Alg2,19.1,19.1,0.00,4.0,2.1,47.50,0.0
contact-lenses,C1 N->A,DT,1,Alg1,21.6,19.1,11.67,4.0,4.0,0.00,0.0
contact-lenses,C1 N->A,DT,2,Alg2,19.1,19.1,0.00,4.0,2.1,47.50,0.0
contact-lenses,C2 A->N,NB,1,Alg2,21.6,21.6,0.00,4.0,4.0,0.00,0.0
contact-lenses,C2 A->N,NB,2,Alg1,21.6,19.1,11.67,4.0,4.0,0.00,0.0
contact-lenses,C2 A->N,DT,1,Alg2,21.6,21.6,0.00,4.0,4.0,0.00,0.0
contact-lenses,C2 A->N,DT,2,Alg1,21.6,19.1,11.67,4.0,4.0,0.00,0.0
diabetes,Alg1,NB,1,Alg1,691.2,527.7,23.66,8.0,8.0,0.00,0.0
diabetes,Alg1,DT,1,Alg1,691.2,527.7,23.66,8.0,8.0,0.00,0.0
diabetes,Alg2,NB,1,Alg2,691.2,691.2,0.00,8.0,8.0,0.00,0.0
diabetes,Alg2,DT,1,Alg2,691.2,691.2,0.00,8.0,8.0,0.00,0.0
diabetes,C1 N->A,NB,1,Alg1,691.2,527.7,23.66,8.0,8.0,0.00,0.0
diabetes,C1 N->A,NB,2,Alg2,527.7,527.7,0.00,8.0,7.6,5.50,0.0
diabetes,C1 N->A,DT,1,Alg1,691.2,527.7,23.66,8.0,8.0,0.00,0.0
diabetes,C1 N->A,DT,2,Alg2,527.7,527.7,0.00,8.0,7.6,5.50,0.0
diabetes,C2 A->N,NB,1,Alg2,691.2,691.2,0.00,8.0,8.0,0.00,0.0
diabetes,C2 A->N,NB,2,Alg1,691.2,532.8,22.92,8.0,8.0,0.00,0.0
diabetes,C2 A->N,DT,1,Alg2,691.2,691.2,0.00,8.0,8.0,0.00,0.0
diabetes,C2 A->N,DT,2,Alg1,691.2,532.8,22.92,8.0,8.0,0.00,0.0
glass,Alg1,NB,1,Alg1,192.6,101.7,47.20,9.0,9.0,0.00,0.0
glass,Alg1,DT,1,Alg1,192.6,101.7,47.20,9.0,9.0,0.00,0.0
glass,Alg2,NB,1,Alg2,192.6,192.6,0.00,9.0,8.9,0.89,0.0
glass,Alg2,DT,1,Alg2,192.6,192.6,0.00,9.0,8.9,0.89,0.0
glass,C1 N->A,NB,1,Alg1,192.6,101.7,47.20,9.0,9.0,0.00,0.0
glass,C1 N->A,NB,2,Alg2,101.7,101.7,0.00,9.0,7.2,20.00,0.0
glass,C1 N->A,DT,1,Alg1,192.6,101.7,47.20,9.0,9.0,0.00,0.0
glass,C1 N->A,DT,2,Alg2,101.7,101.7,0.00,9.0,7.2,20.00,0.0
glass,C2 A->N,NB,1,Alg2,192.6,192.6,0.00,9.0,8.9,0.89,0.0
glass,C2 A->N,NB,2,Alg1,192.6,103.0,46.50,8.9,8.9,0.00,0.0
glass,C2 A->N,DT,1,Alg2,192.6,192.6,0.00,9.0,8.9,0.89,0.0
glass,C2 A->N,DT,2,Alg1,192.6,103.0,46.50,8.9,8.9,0.00,0.0
iris,Alg1,NB,1,Alg1,135.0,129.4,4.13,4.0,4.0,0.00,0.0
iris,Alg1,DT,1,Alg1,135.0,129.4,4.13,4.0,4.0,0.00,0.0
iris,Alg2,NB,1,Alg2,135.0,135.0,0.00,4.0,3.1,23.00,0.0
iris,Alg2,DT,1,Alg2,135.0,135.0,0.00,4.0,3.1,23.00,0.0
iris,C1 N->A,NB,1,Alg1,135.0,129.4,4.13,4.0,4.0,0.00,0.0
iris,C1 N->A,NB,2,Alg2,129.4,129.4,0.00,4.0,1.9,52.00,0.0
iris,C1 N->A,DT,1,Alg1,135.0,129.4,4.13,4.0,4.0,0.00,0.0
iris,C1 N->A,DT,2,Alg2,129.4,129.4,0.00,4.0,1.9,52.00,0.0
iris,C2 A->N,NB,1,Alg2,135.0,135.0,0.00,4.0,3.1,23.00,0.0
iris,C2 A->N,NB,2,Alg1,135.0,129.4,4.13,3.1,3.1,0.00,0.0
iris,C2 A->N,DT,1,Alg2,135.0,135.0,0.00,4.0,3.1,23.00,0.0
iris,C2 A->N,DT,2,Alg1,135.0,129.4,4.13,3.1,3.1,0.00,0.0
soybean,Alg1,NB,1,Alg1,614.7,555.9,9.57,133.0,133.0,0.00,0.0
soybean,Alg1,DT,1,Alg1,614.7,555.9,9.57,133.0,133.0,0.00,0.0
soybean,Alg2,NB,1,Alg2,614.7,614.7,0.00,133.0,50.1,62.33,0.0
soybean,Alg2,DT,1,Alg2,614.7,614.7,0.00,133.0,50.1,62.33,0.0
soybean,C1 N->A,NB,1,Alg1,614.7,555.9,9.57,133.0,133.0,0.00,0.0
soybean,C1 N->A,NB,2,Alg2,555.9,555.9,0.00,133.0,33.4,74.87,0.0
soybean,C1 N->A,DT,1,Alg1,614.7,555.9,9.57,133.0,133.0,0.00,0.0
soybean,C1 N->A,DT,2,Alg2,555.9,555.9,0.00,133.0,33.4,74.87,0.0
soybean,C2 A->N,NB,1,Alg2,614.7,614.7,0.00,133.0,50.1,62.33,0.0
soybean,C2 A->N,NB,2,Alg1,614.7,564.3,8.20,50.1,50.1,0.00,0.0
soybean,C2 A->N,DT,1,Alg2,614.7,614.7,0.00,133.0,50.1,62.33,0.0
soybean,C2 A->N,DT,2,Alg1,614.7,564.3,8.20,50.1,50.1,0.00,0.0
vote,Alg1,NB,1,Alg1,391.5,354.1,9.55,48.0,48.0,0.00,0.0
vote,Alg1,DT,1,Alg1,391.5,354.1,9.55,48.0,48.0,0.00,0.0
vote,Alg2,NB,1,Alg2,391.5,391.5,0.00,48.0,19.0,60.50,0.0
vote,Alg2,DT,1,Alg2,391.5,391.5,0.00,48.0,19.0,60.50,0.0
vote,C1 N->A,NB,1,Alg1,391.5,354.1,9.55,48.0,48.0,0.00,0.0
vote,C1 N->A,NB,2,Alg2,354.1,354.1,0.00,48.0,4.7,90.21,0.0
vote,C1 N->A,DT,1,Alg1,391.5,354.1,9.55,48.0,48.0,0.00,0.0
vote,C1 N->A,DT,2,Alg2,354.1,354.1,0.00,48.0,4.7,90.21,0.0
vote,C2 A->N,NB,1,Alg2,391.5,391.5,0.00,48.0,19.0,60.50,0.0
vote,C2 A->N,NB,2,Alg1,391.5,364.2,6.97,19.0,19.0,0.00,0.0
vote,C2 A->N,DT,1,Alg2,391.5,391.5,0.00,48.0,19.0,60.50,0.0
vote,C2 A->N,DT,2,Alg1,391.5,364.2,6.97,19.0,19.0,0.00,0.0
image-segmentation,Alg1,NB,1,Alg1,2079.0,1666.0,19.87,19.0,19.0,0.00,0.0
image-segmentation,Alg1,DT,1,Alg1,2079.0,1666.0,19.87,19.0,19.0,0.00,0.0
image-segmentation,Alg2,NB,1,Alg2,2079.0,2079.0,0.00,19.0,14.9,21.37,0.0
image-segmentation,Alg2,DT,1,Alg2,2079.0,2079.0,0.00,19.0,14.9,21.37,0.0
image-segmentation,C1 N->A,NB,1,Alg1,2079.0,1666.0,19.87,19.0,19.0,0.00,0.0
image-segmentation,C1 N->A,NB,2,Alg2,1666.0,1666.0,0.00,19.0,9.9,48.11,0.0
image-segmentation,C1 N->A,DT,1,Alg1,2079.0,1666.0,19.87,19.0,19.0,0.00,0.0
image-segmentation,C1 N->A,DT,2,Alg2,1666.0,1666.0,0.00,19.0,9.9,48.11,0.0
image-segmentation,C2 A->N,NB,1,Alg2,2079.0,2079.0,0.00,19.0,14.9,21.37,0.0
image-segmentation,C2 A->N,NB,2,Alg1,2079.0,1694.4,18.50,14.9,14.9,0.00,0.0
image-segmentation,C2 A->N,DT,1,Alg2,2079.0,2079.0,0.00,19.0,14.9,21.37,0.0
image-segmentation,C2 A->N,DT,2,Alg1,2079.0,1694.4,18.50,14.9,14.9,0.00,0.0
tic-tac-toe,Alg1,NB,1,Alg1,862.2,604.6,29.88,27.0,27.0,0.00,0.0
tic-tac-toe,Alg1,DT,1,Alg1,862.2,604.6,29.88,27.0,27.0,0.00,0.0
tic-tac-toe,Alg2,NB,1,Alg2,862.2,862.2,0.00,27.0,24.6,8.96,0.0
tic-tac-toe,Alg2,DT,1,Alg2,862.2,862.2,0.00,27.0,24.6,8.96,0.0
tic-tac-toe,C1 N->A,NB,1,Alg1,862.2,604.6,29.88,27.0,27.0,0.00,0.0
tic-tac-toe,C1 N->A,NB,2,Alg2,604.6,604.6,0.00,27.0,17.1,36.81,0.0
tic-tac-toe,C1 N->A,DT,1,Alg1,862.2,604.6,29.88,27.0,27.0,0.00,0.0
tic-tac-toe,C1 N->A,DT,2,Alg2,604.6,604.6,0.00,27.0,17.1,36.81,0.0
tic-tac-toe,C2 A->N,NB,1,Alg2,862.2,862.2,0.00,27.0,24.6,8.96,0.0
tic-tac-toe,C2 A->N,NB,2,Alg1,862.2,611.0,29.13,24.6,24.6,0.00,0.0
tic-tac-toe,C2 A->N,DT,1,Alg2,862.2,862.2,0.00,27.0,24.6,8.96,0.0
tic-tac-toe,C2 A->N,DT,2,Alg1,862.2,611.0,29.13,24.6,24.6,0.00,0.0
nsl-kdd,Alg1,NB,1,Alg1,22672.8,17322.7,23.60,118.0,118.0,0.00,0.0
nsl-kdd,Alg1,DT,1,Alg1,22672.8,17322.7,23.60,118.0,118.0,0.00,0.0
nsl-kdd,Alg2,NB,1,Alg2,22672.8,22672.8,0.00,118.0,43.3,63.29,0.0
nsl-kdd,Alg2,DT,1,Alg2,22672.8,22672.8,0.00,118.0,43.3,63.29,0.0
nsl-kdd,C1 N->A,NB,1,Alg1,22672.8,17322.7,23.60,118.0,118.0,0.00,0.0
nsl-kdd,C1 N->A,NB,2,Alg2,17322.7,17322.7,0.00,118.0,20.0,83.05,0.0
nsl-kdd,C1 N->A,DT,1,Alg1,22672.8,17322.7,23.60,118.0,118.0,0.00,0.0
nsl-kdd,C1 N->A,DT,2,Alg2,17322.7,17322.7,0.00,118.0,20.0,83.05,0.0
nsl-kdd,C2 A->N,NB,1,Alg2,22672.8,22672.8,0.00,118.0,43.3,63.29,0.0
nsl-kdd,C2 A->N,NB,2,Alg1,22672.8,15344.9,32.32,43.3,43.3,0.00,0.0
nsl-kdd,C2 A->N,DT,1,Alg2,22672.8,22672.8,0.00,118.0,43.3,63.29,0.0
nsl-kdd,C2 A->N,DT,2,Alg1,22672.8,15344.9,32.32,43.3,43.3,0.00,0.0
