dataset,arm,final,accuracy,accuracy_std,macro_f1,instances_removed_pct,attributes_kept_pct,seeds,n_splits,ccp_alpha,nb_likelihood,support
breast-cancer,baseline,NB,70.8826,7.9430,63.9345,0.00,100.00,3,10,0.01,mixed,True
breast-cancer,baseline,DT,64.6839,7.4113,57.3828,0.00,100.00,3,10,0.01,mixed,True
breast-cancer,Alg1,NB,71.2274,8.3451,64.1552,27.79,100.00,3,10,0.01,mixed,True
breast-cancer,Alg1,DT,71.3465,6.8544,63.5920,27.79,100.00,3,10,0.01,mixed,True
breast-cancer,Alg2,NB,71.5681,7.4169,62.7865,0.00,50.08,3,10,0.01,mixed,True
breast-cancer,Alg2,DT,69.5690,8.5351,60.6762,0.00,50.08,3,10,0.01,mixed,True
breast-cancer,C1 N->A,NB,70.7677,8.2493,63.1289,27.79,19.76,3,10,0.01,mixed,True
breast-cancer,C1 N->A,DT,71.3465,6.8544,63.5136,27.79,19.76,3,10,0.01,mixed,True
breast-cancer,C2 A->N,NB,71.6790,7.5669,61.6819,25.46,50.08,3,10,0.01,mixed,True
breast-cancer,C2 A->N,DT,71.9171,7.2842,62.2972,25.46,50.08,3,10,0.01,mixed,True
contact-lenses,baseline,NB,85.0000,20.3443,79.1852,0.00,100.00,3,10,0.01,mixed,True
contact-lenses,baseline,DT,82.7778,23.7593,76.4074,0.00,100.00,3,10,0.01,mixed,True
contact-lenses,Alg1,NB,85.0000,20.3443,79.1852,11.71,100.00,3,10,0.01,mixed,True
contact-lenses,Alg1,DT,85.0000,20.3443,79.1852,11.71,100.00,3,10,0.01,mixed,True
contact-lenses,Alg2,NB,85.0000,20.3443,79.1852,0.00,100.00,3,10,0.01,mixed,True
contact-lenses,Alg2,DT,82.7778,23.7593,76.4074,0.00,100.00,3,10,0.01,mixed,True
contact-lenses,C1 N->A,NB,85.0000,20.3443,79.1852,11.71,52.50,3,10,0.01,mixed,True
contact-lenses,C1 N->A,DT,85.0000,20.3443,79.1852,11.71,52.50,3,10,0.01,mixed,True
contact-lenses,C2 A->N,NB,85.0000,20.3443,79.1852,11.71,100.00,3,10,0.01,mixed,True
contact-lenses,C2 A->N,DT,85.0000,20.3443,79.1852,11.71,100.00,3,10,0.01,mixed,True
diabetes,baseline,NB,75.5195,4.4258,72.3576,0.00,100.00,3,10,0.01,mixed,True
diabetes,baseline,DT,69.5272,4.6061,66.5811,0.00,100.00,3,10,0.01,mixed,True
diabetes,Alg1,NB,74.2607,4.8537,71.2779,23.63,100.00,3,10,0.01,mixed,True
diabetes,Alg1,DT,74.2151,5.4819,70.2624,23.63,100.00,3,10,0.01,mixed,True
diabetes,Alg2,NB,76.3847,4.9805,72.1460,0.00,66.25,3,10,0.01,mixed,True
diabetes,Alg2,DT,69.5699,5.8493,66.5268,0.00,66.25,3,10,0.01,mixed,True
diabetes,C1 N->A,NB,75.4739,5.0423,71.7897,23.63,83.33,3,10,0.01,mixed,True
diabetes,C1 N->A,DT,74.5187,5.1451,70.5873,23.63,83.33,3,10,0.01,mixed,True
diabetes,C2 A->N,NB,75.6499,4.6650,70.9812,23.06,66.25,3,10,0.01,mixed,True
diabetes,C2 A->N,DT,75.5172,4.5141,70.8968,23.06,66.25,3,10,0.01,mixed,True
glass,baseline,NB,46.6017,10.3538,46.7481,0.00,100.00,3,10,0.01,mixed,True
glass,baseline,DT,68.3838,8.4074,65.5984,0.00,100.00,3,10,0.01,mixed,True
glass,Alg1,NB,36.0173,10.8425,40.0443,47.10,100.00,3,10,0.01,mixed,True
glass,Alg1,DT,49.8918,10.9658,47.3583,47.10,100.00,3,10,0.01,mixed,True
glass,Alg2,NB,47.4098,9.0353,42.5720,0.00,99.63,3,10,0.01,mixed,True
glass,Alg2,DT,68.3838,8.4074,65.5984,0.00,99.63,3,10,0.01,mixed,True
glass,C1 N->A,NB,35.2381,8.8997,39.9451,47.10,81.85,3,10,0.01,mixed,True
glass,C1 N->A,DT,49.5671,10.7027,46.6108,47.10,81.85,3,10,0.01,mixed,True
glass,C2 A->N,NB,44.1198,9.3504,41.5050,46.15,99.63,3,10,0.01,mixed,True
glass,C2 A->N,DT,52.3882,7.9514,47.8571,46.15,99.63,3,10,0.01,mixed,True
iris,baseline,NB,95.5556,4.6614,95.4731,0.00,100.00,3,10,0.01,mixed,True
iris,baseline,DT,94.6667,5.5511,94.5441,0.00,100.00,3,10,0.01,mixed,True
iris,Alg1,NB,95.5556,4.6614,95.4731,4.07,100.00,3,10,0.01,mixed,True
iris,Alg1,DT,95.3333,4.6027,95.2301,4.07,100.00,3,10,0.01,mixed,True
iris,Alg2,NB,95.7778,4.3829,95.6930,0.00,76.67,3,10,0.01,mixed,True
iris,Alg2,DT,94.2222,5.6394,94.0811,0.00,76.67,3,10,0.01,mixed,True
iris,C1 N->A,NB,95.1111,4.8483,94.9916,4.07,47.50,3,10,0.01,mixed,True
iris,C1 N->A,DT,95.3333,4.6027,95.2301,4.07,47.50,3,10,0.01,mixed,True
iris,C2 A->N,NB,95.7778,4.3829,95.6930,4.12,76.67,3,10,0.01,mixed,True
iris,C2 A->N,DT,95.5556,5.2587,95.4094,4.12,76.67,3,10,0.01,mixed,True
soybean,baseline,NB,89.9446,3.4958,93.2510,0.00,100.00,3,10,0.01,mixed,True
soybean,baseline,DT,92.2400,3.3332,94.8193,0.00,100.00,3,10,0.01,mixed,True
soybean,Alg1,NB,89.0658,3.7743,92.8880,9.57,100.00,3,10,0.01,mixed,True
soybean,Alg1,DT,88.6758,4.0839,91.7750,9.57,100.00,3,10,0.01,mixed,True
soybean,Alg2,NB,90.2344,3.4501,92.1336,0.00,24.56,3,10,0.01,mixed,True
soybean,Alg2,DT,92.9241,3.3489,95.0843,0.00,24.56,3,10,0.01,mixed,True
soybean,C1 N->A,NB,85.4064,4.5574,87.8725,9.57,21.48,3,10,0.01,mixed,True
soybean,C1 N->A,DT,88.4314,4.2310,91.8081,9.57,21.48,3,10,0.01,mixed,True
soybean,C2 A->N,NB,88.5280,3.7617,90.7239,8.16,24.56,3,10,0.01,mixed,True
soybean,C2 A->N,DT,90.8717,3.3437,92.7974,8.16,24.56,3,10,0.01,mixed,True
vote,baseline,NB,90.1797,4.5428,89.8033,0.00,100.00,3,10,0.01,mixed,True
vote,baseline,DT,94.1684,2.9736,93.8532,0.00,100.00,3,10,0.01,mixed,True
vote,Alg1,NB,90.2555,4.3016,89.9242,9.58,100.00,3,10,0.01,mixed,True
vote,Alg1,DT,94.3217,3.3427,94.0398,9.58,100.00,3,10,0.01,mixed,True
vote,Alg2,NB,93.7879,3.1017,93.4265,0.00,15.35,3,10,0.01,mixed,True
vote,Alg2,DT,93.7033,3.2723,93.3517,0.00,15.35,3,10,0.01,mixed,True
vote,C1 N->A,NB,94.7798,3.0943,94.5134,9.58,7.92,3,10,0.01,mixed,True
vote,C1 N->A,DT,94.2442,3.2454,93.9390,9.58,7.92,3,10,0.01,mixed,True
vote,C2 A->N,NB,94.1720,2.9587,93.8782,5.53,15.35,3,10,0.01,mixed,True
vote,C2 A->N,DT,94.4750,3.0077,94.1819,5.53,15.35,3,10,0.01,mixed,True
image-segmentation,baseline,NB,79.6681,1.8212,77.6554,0.00,100.00,3,10,0.01,mixed,True
image-segmentation,baseline,DT,96.8398,1.3326,96.8327,0.00,100.00,3,10,0.01,mixed,True
image-segmentation,Alg1,NB,75.0649,2.5108,74.6502,19.85,100.00,3,10,0.01,mixed,True
image-segmentation,Alg1,DT,89.5382,1.5889,89.3469,19.85,100.00,3,10,0.01,mixed,True
image-segmentation,Alg2,NB,84.3579,3.3880,84.3770,0.00,43.86,3,10,0.01,mixed,True
image-segmentation,Alg2,DT,96.6811,1.3335,96.6845,0.00,43.86,3,10,0.01,mixed,True
image-segmentation,C1 N->A,NB,72.4964,2.4912,71.3094,19.85,35.61,3,10,0.01,mixed,True
image-segmentation,C1 N->A,DT,89.6970,1.8850,89.5180,19.85,35.61,3,10,0.01,mixed,True
image-segmentation,C2 A->N,NB,80.6205,3.3358,80.7084,15.04,43.86,3,10,0.01,mixed,True
image-segmentation,C2 A->N,DT,90.4762,2.2130,90.5113,15.04,43.86,3,10,0.01,mixed,True
tic-tac-toe,baseline,NB,68.8231,3.8767,63.9058,0.00,100.00,3,10,0.01,mixed,True
tic-tac-toe,baseline,DT,93.5614,3.0397,92.8550,0.00,100.00,3,10,0.01,mixed,True
tic-tac-toe,Alg1,NB,70.1122,3.8542,64.5024,29.82,100.00,3,10,0.01,mixed,True
tic-tac-toe,Alg1,DT,76.1685,3.9552,71.0766,29.82,100.00,3,10,0.01,mixed,True
tic-tac-toe,Alg2,NB,69.7997,4.3495,62.1081,0.00,58.64,3,10,0.01,mixed,True
tic-tac-toe,Alg2,DT,95.6871,1.8767,95.1918,0.00,58.64,3,10,0.01,mixed,True
tic-tac-toe,C1 N->A,NB,69.3501,4.7631,63.9573,29.82,47.65,3,10,0.01,mixed,True
tic-tac-toe,C1 N->A,DT,76.2752,3.4049,71.2664,29.82,47.65,3,10,0.01,mixed,True
tic-tac-toe,C2 A->N,NB,72.0954,4.2826,63.2660,29.62,58.64,3,10,0.01,mixed,True
tic-tac-toe,C2 A->N,DT,73.7668,3.7205,65.6944,29.62,58.64,3,10,0.01,mixed,True
nsl-kdd,baseline,NB,76.3338,1.5308,48.7252,0.00,100.00,3,10,0.01,mixed,True
nsl-kdd,baseline,DT,99.5514,0.1243,81.7998,0.00,100.00,3,10,0.01,mixed,True
nsl-kdd,Alg1,NB,76.7492,2.0185,48.4460,23.61,100.00,3,10,0.01,mixed,True
nsl-kdd,Alg1,DT,85.7561,2.5589,60.0125,23.61,100.00,3,10,0.01,mixed,True
nsl-kdd,Alg2,NB,50.1309,4.3669,26.3043,0.00,11.33,3,10,0.01,mixed,True
nsl-kdd,Alg2,DT,99.4429,0.1153,83.9857,0.00,11.33,3,10,0.01,mixed,True
nsl-kdd,C1 N->A,NB,57.1003,11.5413,30.0572,23.61,6.53,3,10,0.01,mixed,True
nsl-kdd,C1 N->A,DT,83.8983,3.0667,57.8458,23.61,6.53,3,10,0.01,mixed,True
nsl-kdd,C2 A->N,NB,54.3331,11.8864,31.0504,49.87,11.33,3,10,0.01,mixed,True
nsl-kdd,C2 A->N,DT,80.2690,6.5848,39.5577,49.87,11.33,3,10,0.01,mixed,True
