class,1_1,1_3,2_1,2_2,3_1,4_1
3,0.5,0.0,0.5,0.0,0.7071067811865475,1.0
2,0.5,0.0,0.5,0.0,0.7071067811865475,0.0
3,0.5,0.0,0.5,0.0,0.0,1.0
1,0.5,0.0,0.5,0.0,0.0,0.0
3,0.5,0.0,0.0,0.5773502691896258,0.7071067811865475,1.0
2,0.5,0.0,0.0,0.5773502691896258,0.7071067811865475,0.0
3,0.5,0.0,0.0,0.5773502691896258,0.0,1.0
1,0.5,0.0,0.0,0.5773502691896258,0.0,0.0
3,0.0,0.0,0.5,0.0,0.7071067811865475,1.0
2,0.0,0.0,0.5,0.0,0.7071067811865475,0.0
3,0.0,0.0,0.5,0.0,0.0,1.0
1,0.0,0.0,0.5,0.0,0.0,0.0
3,0.0,0.0,0.0,0.5773502691896258,0.7071067811865475,1.0
2,0.0,0.0,0.0,0.5773502691896258,0.7071067811865475,0.0
3,0.0,0.0,0.0,0.5773502691896258,0.0,1.0
3,0.0,0.5773502691896258,0.5,0.0,0.7071067811865475,1.0
3,0.0,0.5773502691896258,0.5,0.0,0.0,1.0
1,0.0,0.5773502691896258,0.5,0.0,0.0,0.0
3,0.0,0.5773502691896258,0.0,0.5773502691896258,0.7071067811865475,1.0
2,0.0,0.5773502691896258,0.0,0.5773502691896258,0.7071067811865475,0.0
3,0.0,0.5773502691896258,0.0,0.5773502691896258,0.0,1.0
3,0.0,0.5773502691896258,0.0,0.5773502691896258,0.0,0.0
