class,1_1,1_2,1_3,2_1,2_2,3_1,3_2,4_1,4_2
3,1.0,0.0,0.0,1.0,0.0,1.0,0.0,1.0,0.0
2,1.0,0.0,0.0,1.0,0.0,1.0,0.0,0.0,1.0
3,1.0,0.0,0.0,1.0,0.0,0.0,1.0,1.0,0.0
1,1.0,0.0,0.0,1.0,0.0,0.0,1.0,0.0,1.0
3,1.0,0.0,0.0,0.0,1.0,1.0,0.0,1.0,0.0
2,1.0,0.0,0.0,0.0,1.0,1.0,0.0,0.0,1.0
3,1.0,0.0,0.0,0.0,1.0,0.0,1.0,1.0,0.0
1,1.0,0.0,0.0,0.0,1.0,0.0,1.0,0.0,1.0
3,0.0,1.0,0.0,1.0,0.0,1.0,0.0,1.0,0.0
2,0.0,1.0,0.0,1.0,0.0,1.0,0.0,0.0,1.0
3,0.0,1.0,0.0,1.0,0.0,0.0,1.0,1.0,0.0
1,0.0,1.0,0.0,1.0,0.0,0.0,1.0,0.0,1.0
3,0.0,1.0,0.0,0.0,1.0,1.0,0.0,1.0,0.0
2,0.0,1.0,0.0,0.0,1.0,1.0,0.0,0.0,1.0
3,0.0,1.0,0.0,0.0,1.0,0.0,1.0,1.0,0.0
3,0.0,1.0,0.0,0.0,1.0,0.0,1.0,0.0,1.0
3,0.0,0.0,1.0,1.0,0.0,1.0,0.0,1.0,0.0
3,0.0,0.0,1.0,1.0,0.0,1.0,0.0,0.0,1.0
3,0.0,0.0,1.0,1.0,0.0,0.0,1.0,1.0,0.0
1,0.0,0.0,1.0,1.0,0.0,0.0,1.0,0.0,1.0
3,0.0,0.0,1.0,0.0,1.0,1.0,0.0,1.0,0.0
2,0.0,0.0,1.0,0.0,1.0,1.0,0.0,0.0,1.0
3,0.0,0.0,1.0,0.0,1.0,0.0,1.0,1.0,0.0
3,0.0,0.0,1.0,0.0,1.0,0.0,1.0,0.0,1.0
