arm,kind,rate,handling,fold_seed,tp,fp,fn,tn,precision,recall,f1,auroc,flagged_pct,false_positive_rate,true_noise_pct,post_noise_pct,corrected,newly_wrong,rows_after,rescued_by_floor,dataset,seed,fold
none,symmetric,0.0,relabel,0,0,0,0,135,,,,,0.0,0.0,0.0,0.0,0,0,135,0,iris,0,0
NB hard_vote,symmetric,0.0,relabel,0,0,7,0,128,0.0,,0.0,,5.185185185185185,0.05185185185185185,0.0,5.185185185185185,0,7,135,0,iris,0,0
DT hard_vote,symmetric,0.0,relabel,0,0,8,0,127,0.0,,0.0,,5.9259259259259265,0.05925925925925926,0.0,5.925925925925926,0,8,135,0,iris,0,0
NB threshold,symmetric,0.0,relabel,0,0,3,0,132,0.0,,0.0,,2.2222222222222223,0.022222222222222223,0.0,2.2222222222222223,0,3,135,0,iris,0,0
DT threshold,symmetric,0.0,relabel,0,0,8,0,127,0.0,,0.0,,5.9259259259259265,0.05925925925925926,0.0,5.925925925925926,0,8,135,0,iris,0,0
committee consensus,symmetric,0.0,relabel,0,0,5,0,130,0.0,,0.0,,3.7037037037037033,0.037037037037037035,0.0,3.7037037037037037,0,5,135,0,iris,0,0
dual agreement,symmetric,0.0,relabel,0,0,2,0,133,0.0,,0.0,,1.4814814814814816,0.014814814814814815,0.0,1.4814814814814814,0,2,135,0,iris,0,0
none,symmetric,0.0,relabel,1,0,0,0,135,,,,,0.0,0.0,0.0,0.0,0,0,135,0,iris,0,1
NB hard_vote,symmetric,0.0,relabel,1,0,6,0,129,0.0,,0.0,,4.444444444444445,0.044444444444444446,0.0,4.444444444444445,0,6,135,0,iris,0,1
DT hard_vote,symmetric,0.0,relabel,1,0,7,0,128,0.0,,0.0,,5.185185185185185,0.05185185185185185,0.0,5.185185185185185,0,7,135,0,iris,0,1
NB threshold,symmetric,0.0,relabel,1,0,1,0,134,0.0,,0.0,,0.7407407407407408,0.007407407407407408,0.0,0.7407407407407407,0,1,135,0,iris,0,1
DT threshold,symmetric,0.0,relabel,1,0,7,0,128,0.0,,0.0,,5.185185185185185,0.05185185185185185,0.0,5.185185185185185,0,7,135,0,iris,0,1
committee consensus,symmetric,0.0,relabel,1,0,4,0,131,0.0,,0.0,,2.9629629629629632,0.02962962962962963,0.0,2.962962962962963,0,4,135,0,iris,0,1
dual agreement,symmetric,0.0,relabel,1,0,1,0,134,0.0,,0.0,,0.7407407407407408,0.007407407407407408,0.0,0.7407407407407407,0,1,135,0,iris,0,1
none,symmetric,0.0,relabel,2,0,0,0,135,,,,,0.0,0.0,0.0,0.0,0,0,135,0,iris,0,2
NB hard_vote,symmetric,0.0,relabel,2,0,7,0,128,0.0,,0.0,,5.185185185185185,0.05185185185185185,0.0,5.185185185185185,0,7,135,0,iris,0,2
DT hard_vote,symmetric,0.0,relabel,2,0,7,0,128,0.0,,0.0,,5.185185185185185,0.05185185185185185,0.0,5.185185185185185,0,7,135,0,iris,0,2
NB threshold,symmetric,0.0,relabel,2,0,2,0,133,0.0,,0.0,,1.4814814814814816,0.014814814814814815,0.0,1.4814814814814814,0,2,135,0,iris,0,2
DT threshold,symmetric,0.0,relabel,2,0,7,0,128,0.0,,0.0,,5.185185185185185,0.05185185185185185,0.0,5.185185185185185,0,7,135,0,iris,0,2
committee consensus,symmetric,0.0,relabel,2,0,5,0,130,0.0,,0.0,,3.7037037037037033,0.037037037037037035,0.0,3.7037037037037037,0,5,135,0,iris,0,2
dual agreement,symmetric,0.0,relabel,2,0,2,0,133,0.0,,0.0,,1.4814814814814816,0.014814814814814815,0.0,1.4814814814814814,0,2,135,0,iris,0,2
none,symmetric,0.0,relabel,3,0,0,0,135,,,,,0.0,0.0,0.0,0.0,0,0,135,0,iris,0,3
NB hard_vote,symmetric,0.0,relabel,3,0,7,0,128,0.0,,0.0,,5.185185185185185,0.05185185185185185,0.0,5.185185185185185,0,7,135,0,iris,0,3
DT hard_vote,symmetric,0.0,relabel,3,0,8,0,127,0.0,,0.0,,5.9259259259259265,0.05925925925925926,0.0,5.925925925925926,0,8,135,0,iris,0,3
NB threshold,symmetric,0.0,relabel,3,0,3,0,132,0.0,,0.0,,2.2222222222222223,0.022222222222222223,0.0,2.2222222222222223,0,3,135,0,iris,0,3
DT threshold,symmetric,0.0,relabel,3,0,8,0,127,0.0,,0.0,,5.9259259259259265,0.05925925925925926,0.0,5.925925925925926,0,8,135,0,iris,0,3
committee consensus,symmetric,0.0,relabel,3,0,5,0,130,0.0,,0.0,,3.7037037037037033,0.037037037037037035,0.0,3.7037037037037037,0,5,135,0,iris,0,3
dual agreement,symmetric,0.0,relabel,3,0,3,0,132,0.0,,0.0,,2.2222222222222223,0.022222222222222223,0.0,2.2222222222222223,0,3,135,0,iris,0,3
none,symmetric,0.0,relabel,4,0,0,0,135,,,,,0.0,0.0,0.0,0.0,0,0,135,0,iris,0,4
NB hard_vote,symmetric,0.0,relabel,4,0,7,0,128,0.0,,0.0,,5.185185185185185,0.05185185185185185,0.0,5.185185185185185,0,7,135,0,iris,0,4
DT hard_vote,symmetric,0.0,relabel,4,0,9,0,126,0.0,,0.0,,6.666666666666667,0.06666666666666667,0.0,6.666666666666667,0,9,135,0,iris,0,4
NB threshold,symmetric,0.0,relabel,4,0,3,0,132,0.0,,0.0,,2.2222222222222223,0.022222222222222223,0.0,2.2222222222222223,0,3,135,0,iris,0,4
DT threshold,symmetric,0.0,relabel,4,0,9,0,126,0.0,,0.0,,6.666666666666667,0.06666666666666667,0.0,6.666666666666667,0,9,135,0,iris,0,4
committee consensus,symmetric,0.0,relabel,4,0,7,0,128,0.0,,0.0,,5.185185185185185,0.05185185185185185,0.0,5.185185185185185,0,7,135,0,iris,0,4
dual agreement,symmetric,0.0,relabel,4,0,3,0,132,0.0,,0.0,,2.2222222222222223,0.022222222222222223,0.0,2.2222222222222223,0,3,135,0,iris,0,4
none,symmetric,0.0,relabel,5,0,0,0,135,,,,,0.0,0.0,0.0,0.0,0,0,135,0,iris,0,5
NB hard_vote,symmetric,0.0,relabel,5,0,7,0,128,0.0,,0.0,,5.185185185185185,0.05185185185185185,0.0,5.185185185185185,0,7,135,0,iris,0,5
DT hard_vote,symmetric,0.0,relabel,5,0,8,0,127,0.0,,0.0,,5.9259259259259265,0.05925925925925926,0.0,5.925925925925926,0,8,135,0,iris,0,5
NB threshold,symmetric,0.0,relabel,5,0,3,0,132,0.0,,0.0,,2.2222222222222223,0.022222222222222223,0.0,2.2222222222222223,0,3,135,0,iris,0,5
DT threshold,symmetric,0.0,relabel,5,0,8,0,127,0.0,,0.0,,5.9259259259259265,0.05925925925925926,0.0,5.925925925925926,0,8,135,0,iris,0,5
committee consensus,symmetric,0.0,relabel,5,0,5,0,130,0.0,,0.0,,3.7037037037037033,0.037037037037037035,0.0,3.7037037037037037,0,5,135,0,iris,0,5
dual agreement,symmetric,0.0,relabel,5,0,3,0,132,0.0,,0.0,,2.2222222222222223,0.022222222222222223,0.0,2.2222222222222223,0,3,135,0,iris,0,5
none,symmetric,0.0,relabel,6,0,0,0,135,,,,,0.0,0.0,0.0,0.0,0,0,135,0,iris,0,6
NB hard_vote,symmetric,0.0,relabel,6,0,5,0,130,0.0,,0.0,,3.7037037037037033,0.037037037037037035,0.0,3.7037037037037037,0,5,135,0,iris,0,6
DT hard_vote,symmetric,0.0,relabel,6,0,10,0,125,0.0,,0.0,,7.4074074074074066,0.07407407407407407,0.0,7.407407407407407,0,10,135,0,iris,0,6
NB threshold,symmetric,0.0,relabel,6,0,3,0,132,0.0,,0.0,,2.2222222222222223,0.022222222222222223,0.0,2.2222222222222223,0,3,135,0,iris,0,6
DT threshold,symmetric,0.0,relabel,6,0,10,0,125,0.0,,0.0,,7.4074074074074066,0.07407407407407407,0.0,7.407407407407407,0,10,135,0,iris,0,6
committee consensus,symmetric,0.0,relabel,6,0,4,0,131,0.0,,0.0,,2.9629629629629632,0.02962962962962963,0.0,2.962962962962963,0,4,135,0,iris,0,6
dual agreement,symmetric,0.0,relabel,6,0,3,0,132,0.0,,0.0,,2.2222222222222223,0.022222222222222223,0.0,2.2222222222222223,0,3,135,0,iris,0,6
none,symmetric,0.0,relabel,7,0,0,0,135,,,,,0.0,0.0,0.0,0.0,0,0,135,0,iris,0,7
NB hard_vote,symmetric,0.0,relabel,7,0,6,0,129,0.0,,0.0,,4.444444444444445,0.044444444444444446,0.0,4.444444444444445,0,6,135,0,iris,0,7
DT hard_vote,symmetric,0.0,relabel,7,0,9,0,126,0.0,,0.0,,6.666666666666667,0.06666666666666667,0.0,6.666666666666667,0,9,135,0,iris,0,7
NB threshold,symmetric,0.0,relabel,7,0,3,0,132,0.0,,0.0,,2.2222222222222223,0.022222222222222223,0.0,2.2222222222222223,0,3,135,0,iris,0,7
DT threshold,symmetric,0.0,relabel,7,0,9,0,126,0.0,,0.0,,6.666666666666667,0.06666666666666667,0.0,6.666666666666667,0,9,135,0,iris,0,7
committee consensus,symmetric,0.0,relabel,7,0,5,0,130,0.0,,0.0,,3.7037037037037033,0.037037037037037035,0.0,3.7037037037037037,0,5,135,0,iris,0,7
dual agreement,symmetric,0.0,relabel,7,0,3,0,132,0.0,,0.0,,2.2222222222222223,0.022222222222222223,0.0,2.2222222222222223,0,3,135,0,iris,0,7
none,symmetric,0.0,relabel,8,0,0,0,135,,,,,0.0,0.0,0.0,0.0,0,0,135,0,iris,0,8
NB hard_vote,symmetric,0.0,relabel,8,0,4,0,131,0.0,,0.0,,2.9629629629629632,0.02962962962962963,0.0,2.962962962962963,0,4,135,0,iris,0,8
DT hard_vote,symmetric,0.0,relabel,8,0,6,0,129,0.0,,0.0,,4.444444444444445,0.044444444444444446,0.0,4.444444444444445,0,6,135,0,iris,0,8
NB threshold,symmetric,0.0,relabel,8,0,1,0,134,0.0,,0.0,,0.7407407407407408,0.007407407407407408,0.0,0.7407407407407407,0,1,135,0,iris,0,8
DT threshold,symmetric,0.0,relabel,8,0,6,0,129,0.0,,0.0,,4.444444444444445,0.044444444444444446,0.0,4.444444444444445,0,6,135,0,iris,0,8
committee consensus,symmetric,0.0,relabel,8,0,2,0,133,0.0,,0.0,,1.4814814814814816,0.014814814814814815,0.0,1.4814814814814814,0,2,135,0,iris,0,8
dual agreement,symmetric,0.0,relabel,8,0,1,0,134,0.0,,0.0,,0.7407407407407408,0.007407407407407408,0.0,0.7407407407407407,0,1,135,0,iris,0,8
none,symmetric,0.0,relabel,9,0,0,0,135,,,,,0.0,0.0,0.0,0.0,0,0,135,0,iris,0,9
NB hard_vote,symmetric,0.0,relabel,9,0,6,0,129,0.0,,0.0,,4.444444444444445,0.044444444444444446,0.0,4.444444444444445,0,6,135,0,iris,0,9
DT hard_vote,symmetric,0.0,relabel,9,0,5,0,130,0.0,,0.0,,3.7037037037037033,0.037037037037037035,0.0,3.7037037037037037,0,5,135,0,iris,0,9
NB threshold,symmetric,0.0,relabel,9,0,3,0,132,0.0,,0.0,,2.2222222222222223,0.022222222222222223,0.0,2.2222222222222223,0,3,135,0,iris,0,9
DT threshold,symmetric,0.0,relabel,9,0,5,0,130,0.0,,0.0,,3.7037037037037033,0.037037037037037035,0.0,3.7037037037037037,0,5,135,0,iris,0,9
committee consensus,symmetric,0.0,relabel,9,0,4,0,131,0.0,,0.0,,2.9629629629629632,0.02962962962962963,0.0,2.962962962962963,0,4,135,0,iris,0,9
dual agreement,symmetric,0.0,relabel,9,0,2,0,133,0.0,,0.0,,1.4814814814814816,0.014814814814814815,0.0,1.4814814814814814,0,2,135,0,iris,0,9
none,symmetric,0.2,relabel,0,0,0,25,110,,0.0,0.0,,0.0,0.0,18.51851851851852,18.51851851851852,0,0,135,0,iris,0,0
NB hard_vote,symmetric,0.2,relabel,0,23,14,2,96,0.6216216216216216,0.92,0.7419354838709677,0.9676363636363636,27.40740740740741,0.12727272727272726,18.51851851851852,11.851851851851851,23,14,135,0,iris,0,0
DT hard_vote,symmetric,0.2,relabel,0,20,27,5,83,0.425531914893617,0.8,0.5555555555555556,0.7772727272727272,34.81481481481482,0.24545454545454545,18.51851851851852,24.444444444444443,19,27,135,0,iris,0,0
NB threshold,symmetric,0.2,relabel,0,19,5,6,105,0.7916666666666666,0.76,0.7755102040816326,0.9676363636363636,17.77777777777778,0.045454545454545456,18.51851851851852,8.148148148148149,19,5,135,0,iris,0,0
DT threshold,symmetric,0.2,relabel,0,20,27,5,83,0.425531914893617,0.8,0.5555555555555556,0.7772727272727272,34.81481481481482,0.24545454545454545,18.51851851851852,24.444444444444443,19,27,135,0,iris,0,0
committee consensus,symmetric,0.2,relabel,0,20,7,5,103,0.7407407407407407,0.8,0.7692307692307693,0.9298181818181819,20.0,0.06363636363636363,18.51851851851852,9.62962962962963,19,7,135,0,iris,0,0
dual agreement,symmetric,0.2,relabel,0,16,2,9,108,0.8888888888888888,0.64,0.7441860465116279,0.9298181818181819,13.333333333333334,0.01818181818181818,18.51851851851852,8.148148148148149,16,2,135,0,iris,0,0
none,symmetric,0.2,relabel,1,0,0,23,112,,0.0,0.0,,0.0,0.0,17.037037037037038,17.037037037037038,0,0,135,0,iris,0,1
NB hard_vote,symmetric,0.2,relabel,1,22,16,1,96,0.5789473684210527,0.9565217391304348,0.7213114754098361,0.9910714285714286,28.14814814814815,0.14285714285714285,17.037037037037038,12.592592592592593,22,16,135,0,iris,0,1
DT hard_vote,symmetric,0.2,relabel,1,18,27,5,85,0.4,0.782608695652174,0.5294117647058824,0.7707686335403726,33.33333333333333,0.24107142857142858,17.037037037037038,24.444444444444443,17,27,135,0,iris,0,1
NB threshold,symmetric,0.2,relabel,1,21,4,2,108,0.84,0.9130434782608695,0.875,0.9910714285714286,18.51851851851852,0.03571428571428571,17.037037037037038,4.444444444444445,21,4,135,0,iris,0,1
DT threshold,symmetric,0.2,relabel,1,18,27,5,85,0.4,0.782608695652174,0.5294117647058824,0.7707686335403726,33.33333333333333,0.24107142857142858,17.037037037037038,24.444444444444443,17,27,135,0,iris,0,1
committee consensus,symmetric,0.2,relabel,1,17,4,6,108,0.8095238095238095,0.7391304347826086,0.7727272727272727,0.9452639751552795,15.555555555555555,0.03571428571428571,17.037037037037038,8.148148148148149,16,4,135,0,iris,0,1
dual agreement,symmetric,0.2,relabel,1,15,1,8,111,0.9375,0.6521739130434783,0.7692307692307693,0.9452639751552795,11.851851851851853,0.008928571428571428,17.037037037037038,6.666666666666667,15,1,135,0,iris,0,1
none,symmetric,0.2,relabel,2,0,0,29,106,,0.0,0.0,,0.0,0.0,21.48148148148148,21.48148148148148,0,0,135,0,iris,0,2
NB hard_vote,symmetric,0.2,relabel,2,29,6,0,100,0.8285714285714286,1.0,0.90625,0.996096291476903,25.925925925925924,0.05660377358490566,21.48148148148148,5.925925925925926,27,6,135,0,iris,0,2
DT hard_vote,symmetric,0.2,relabel,2,26,21,3,85,0.5531914893617021,0.896551724137931,0.6842105263157895,0.8492192582953806,34.81481481481482,0.19811320754716982,21.48148148148148,21.48148148148148,21,21,135,0,iris,0,2
NB threshold,symmetric,0.2,relabel,2,25,3,4,103,0.8928571428571429,0.8620689655172413,0.8771929824561403,0.996096291476903,20.74074074074074,0.02830188679245283,21.48148148148148,5.185185185185185,25,3,135,0,iris,0,2
DT threshold,symmetric,0.2,relabel,2,26,21,3,85,0.5531914893617021,0.896551724137931,0.6842105263157895,0.8492192582953806,34.81481481481482,0.19811320754716982,21.48148148148148,21.48148148148148,21,21,135,0,iris,0,2
committee consensus,symmetric,0.2,relabel,2,26,3,3,103,0.896551724137931,0.896551724137931,0.896551724137931,0.9769030579050098,21.48148148148148,0.02830188679245283,21.48148148148148,8.148148148148149,21,3,135,0,iris,0,2
dual agreement,symmetric,0.2,relabel,2,19,1,10,105,0.95,0.6551724137931034,0.7755102040816326,0.9769030579050098,14.814814814814813,0.009433962264150943,21.48148148148148,8.148148148148149,19,1,135,0,iris,0,2
none,symmetric,0.2,relabel,3,0,0,22,113,,0.0,0.0,,0.0,0.0,16.296296296296298,16.296296296296298,0,0,135,0,iris,0,3
NB hard_vote,symmetric,0.2,relabel,3,22,12,0,101,0.6470588235294118,1.0,0.7857142857142857,0.9931617055510862,25.185185185185183,0.10619469026548672,16.296296296296298,9.62962962962963,21,12,135,0,iris,0,3
DT hard_vote,symmetric,0.2,relabel,3,21,22,1,91,0.4883720930232558,0.9545454545454546,0.6461538461538462,0.8799275945293645,31.851851851851855,0.19469026548672566,16.296296296296298,19.25925925925926,18,22,135,0,iris,0,3
NB threshold,symmetric,0.2,relabel,3,20,3,2,110,0.8695652173913043,0.9090909090909091,0.8888888888888888,0.9931617055510862,17.037037037037038,0.02654867256637168,16.296296296296298,3.7037037037037037,20,3,135,0,iris,0,3
DT threshold,symmetric,0.2,relabel,3,21,22,1,91,0.4883720930232558,0.9545454545454546,0.6461538461538462,0.8799275945293645,31.851851851851855,0.19469026548672566,16.296296296296298,19.25925925925926,18,22,135,0,iris,0,3
committee consensus,symmetric,0.2,relabel,3,21,5,1,108,0.8076923076923077,0.9545454545454546,0.875,0.9867256637168142,19.25925925925926,0.04424778761061947,16.296296296296298,6.666666666666667,18,5,135,0,iris,0,3
dual agreement,symmetric,0.2,relabel,3,18,2,4,111,0.9,0.8181818181818182,0.8571428571428571,0.9867256637168142,14.814814814814813,0.017699115044247787,16.296296296296298,4.444444444444445,18,2,135,0,iris,0,3
none,symmetric,0.2,relabel,4,0,0,19,116,,0.0,0.0,,0.0,0.0,14.074074074074074,14.074074074074074,0,0,135,0,iris,0,4
NB hard_vote,symmetric,0.2,relabel,4,18,12,1,104,0.6,0.9473684210526315,0.7346938775510204,0.9836660617059891,22.22222222222222,0.10344827586206896,14.074074074074074,10.37037037037037,17,12,135,0,iris,0,4
DT hard_vote,symmetric,0.2,relabel,4,15,25,4,91,0.375,0.7894736842105263,0.5084745762711864,0.786978221415608,29.629629629629626,0.21551724137931033,14.074074074074074,22.22222222222222,14,25,135,0,iris,0,4
NB threshold,symmetric,0.2,relabel,4,16,5,3,111,0.7619047619047619,0.8421052631578947,0.8,0.9836660617059891,15.555555555555555,0.04310344827586207,14.074074074074074,5.925925925925926,16,5,135,0,iris,0,4
DT threshold,symmetric,0.2,relabel,4,15,25,4,91,0.375,0.7894736842105263,0.5084745762711864,0.786978221415608,29.629629629629626,0.21551724137931033,14.074074074074074,22.22222222222222,14,25,135,0,iris,0,4
committee consensus,symmetric,0.2,relabel,4,14,6,5,110,0.7,0.7368421052631579,0.717948717948718,0.9482758620689655,14.814814814814813,0.05172413793103448,14.074074074074074,8.88888888888889,13,6,135,0,iris,0,4
dual agreement,symmetric,0.2,relabel,4,12,4,7,112,0.75,0.631578947368421,0.6857142857142857,0.9482758620689655,11.851851851851853,0.034482758620689655,14.074074074074074,8.148148148148149,12,4,135,0,iris,0,4
none,symmetric,0.2,relabel,5,0,0,26,109,,0.0,0.0,,0.0,0.0,19.25925925925926,19.25925925925926,0,0,135,0,iris,0,5
NB hard_vote,symmetric,0.2,relabel,5,24,11,2,98,0.6857142857142857,0.9230769230769231,0.7868852459016393,0.9887085391672548,25.925925925925924,0.10091743119266056,19.25925925925926,11.11111111111111,22,11,135,0,iris,0,5
DT hard_vote,symmetric,0.2,relabel,5,25,21,1,88,0.5434782608695652,0.9615384615384616,0.6944444444444444,0.8844389555398731,34.074074074074076,0.1926605504587156,19.25925925925926,17.77777777777778,23,21,135,0,iris,0,5
NB threshold,symmetric,0.2,relabel,5,21,2,5,107,0.9130434782608695,0.8076923076923077,0.8571428571428571,0.9887085391672548,17.037037037037038,0.01834862385321101,19.25925925925926,6.666666666666667,19,2,135,0,iris,0,5
DT threshold,symmetric,0.2,relabel,5,25,21,1,88,0.5434782608695652,0.9615384615384616,0.6944444444444444,0.8844389555398731,34.074074074074076,0.1926605504587156,19.25925925925926,17.77777777777778,23,21,135,0,iris,0,5
committee consensus,symmetric,0.2,relabel,5,23,4,3,105,0.8518518518518519,0.8846153846153846,0.8679245283018868,0.9883556810162315,20.0,0.03669724770642202,19.25925925925926,6.666666666666667,21,4,135,0,iris,0,5
dual agreement,symmetric,0.2,relabel,5,19,0,7,109,1.0,0.7307692307692307,0.8444444444444444,0.9883556810162315,14.074074074074074,0.0,19.25925925925926,5.925925925925926,18,0,135,0,iris,0,5
none,symmetric,0.2,relabel,6,0,0,26,109,,0.0,0.0,,0.0,0.0,19.25925925925926,19.25925925925926,0,0,135,0,iris,0,6
NB hard_vote,symmetric,0.2,relabel,6,24,16,2,93,0.6,0.9230769230769231,0.7272727272727273,0.9721242060691603,29.629629629629626,0.14678899082568808,19.25925925925926,16.296296296296298,20,16,135,0,iris,0,6
DT hard_vote,symmetric,0.2,relabel,6,19,24,7,85,0.4418604651162791,0.7307692307692307,0.5507246376811594,0.7552928722653494,31.851851851851855,0.22018348623853212,19.25925925925926,23.703703703703702,18,24,135,0,iris,0,6
NB threshold,symmetric,0.2,relabel,6,23,13,3,96,0.6388888888888888,0.8846153846153846,0.7419354838709677,0.9721242060691603,26.666666666666668,0.11926605504587157,19.25925925925926,14.074074074074074,20,13,135,0,iris,0,6
DT threshold,symmetric,0.2,relabel,6,19,24,7,85,0.4418604651162791,0.7307692307692307,0.5507246376811594,0.7552928722653494,31.851851851851855,0.22018348623853212,19.25925925925926,23.703703703703702,18,24,135,0,iris,0,6
committee consensus,symmetric,0.2,relabel,6,19,6,7,103,0.76,0.7307692307692307,0.7450980392156863,0.9202540578687368,18.51851851851852,0.05504587155963303,19.25925925925926,10.37037037037037,18,6,135,0,iris,0,6
dual agreement,symmetric,0.2,relabel,6,16,3,10,106,0.8421052631578947,0.6153846153846154,0.7111111111111111,0.9202540578687368,14.074074074074074,0.027522935779816515,19.25925925925926,10.37037037037037,15,3,135,0,iris,0,6
none,symmetric,0.2,relabel,7,0,0,27,108,,0.0,0.0,,0.0,0.0,20.0,20.0,0,0,135,0,iris,0,7
NB hard_vote,symmetric,0.2,relabel,7,27,11,0,97,0.7105263157894737,1.0,0.8307692307692308,0.9897119341563786,28.14814814814815,0.10185185185185185,20.0,10.37037037037037,24,11,135,0,iris,0,7
DT hard_vote,symmetric,0.2,relabel,7,22,24,5,84,0.4782608695652174,0.8148148148148148,0.6027397260273972,0.8106995884773663,34.074074074074076,0.2222222222222222,20.0,23.703703703703702,19,24,135,0,iris,0,7
NB threshold,symmetric,0.2,relabel,7,24,6,3,102,0.8,0.8888888888888888,0.8421052631578947,0.9897119341563786,22.22222222222222,0.05555555555555555,20.0,8.148148148148149,22,6,135,0,iris,0,7
DT threshold,symmetric,0.2,relabel,7,22,23,5,85,0.4888888888888889,0.8148148148148148,0.6111111111111112,0.8106995884773663,33.33333333333333,0.21296296296296297,20.0,22.962962962962962,19,23,135,0,iris,0,7
committee consensus,symmetric,0.2,relabel,7,22,8,5,100,0.7333333333333333,0.8148148148148148,0.7719298245614035,0.9567901234567902,22.22222222222222,0.07407407407407407,20.0,11.851851851851851,19,8,135,0,iris,0,7
dual agreement,symmetric,0.2,relabel,7,17,4,10,104,0.8095238095238095,0.6296296296296297,0.7083333333333334,0.9567901234567902,15.555555555555555,0.037037037037037035,20.0,11.11111111111111,16,4,135,0,iris,0,7
none,symmetric,0.2,relabel,8,0,0,27,108,,0.0,0.0,,0.0,0.0,20.0,20.0,0,0,135,0,iris,0,8
NB hard_vote,symmetric,0.2,relabel,8,25,13,2,95,0.6578947368421053,0.9259259259259259,0.7692307692307693,0.9825102880658436,28.14814814814815,0.12037037037037036,20.0,11.11111111111111,25,13,135,0,iris,0,8
DT hard_vote,symmetric,0.2,relabel,8,23,23,4,85,0.5,0.8518518518518519,0.6301369863013698,0.8194444444444444,34.074074074074076,0.21296296296296297,20.0,22.22222222222222,20,23,135,0,iris,0,8
NB threshold,symmetric,0.2,relabel,8,23,4,4,104,0.8518518518518519,0.8518518518518519,0.8518518518518519,0.9825102880658436,20.0,0.037037037037037035,20.0,5.925925925925926,23,4,135,0,iris,0,8
DT threshold,symmetric,0.2,relabel,8,23,23,4,85,0.5,0.8518518518518519,0.6301369863013698,0.8194444444444444,34.074074074074076,0.21296296296296297,20.0,22.22222222222222,20,23,135,0,iris,0,8
committee consensus,symmetric,0.2,relabel,8,21,6,6,102,0.7777777777777778,0.7777777777777778,0.7777777777777778,0.9612482853223594,20.0,0.05555555555555555,20.0,11.11111111111111,18,6,135,0,iris,0,8
dual agreement,symmetric,0.2,relabel,8,16,2,11,106,0.8888888888888888,0.5925925925925926,0.7111111111111111,0.9612482853223594,13.333333333333334,0.018518518518518517,20.0,9.62962962962963,16,2,135,0,iris,0,8
none,symmetric,0.2,relabel,9,0,0,24,111,,0.0,0.0,,0.0,0.0,17.77777777777778,17.77777777777778,0,0,135,0,iris,0,9
NB hard_vote,symmetric,0.2,relabel,9,23,7,1,104,0.7666666666666667,0.9583333333333334,0.8518518518518519,0.9906156156156156,22.22222222222222,0.06306306306306306,17.77777777777778,8.148148148148149,20,7,135,0,iris,0,9
DT hard_vote,symmetric,0.2,relabel,9,21,26,3,85,0.44680851063829785,0.875,0.5915492957746479,0.8203828828828829,34.81481481481482,0.23423423423423423,17.77777777777778,23.703703703703702,18,26,135,0,iris,0,9
NB threshold,symmetric,0.2,relabel,9,20,3,4,108,0.8695652173913043,0.8333333333333334,0.851063829787234,0.9906156156156156,17.037037037037038,0.02702702702702703,17.77777777777778,6.666666666666667,18,3,135,0,iris,0,9
DT threshold,symmetric,0.2,relabel,9,21,26,3,85,0.44680851063829785,0.875,0.5915492957746479,0.8203828828828829,34.81481481481482,0.23423423423423423,17.77777777777778,23.703703703703702,18,26,135,0,iris,0,9
committee consensus,symmetric,0.2,relabel,9,20,2,4,109,0.9090909090909091,0.8333333333333334,0.8695652173913043,0.9680930930930931,16.296296296296298,0.018018018018018018,17.77777777777778,6.666666666666667,17,2,135,0,iris,0,9
dual agreement,symmetric,0.2,relabel,9,16,1,8,110,0.9411764705882353,0.6666666666666666,0.7804878048780488,0.9680930930930931,12.592592592592592,0.009009009009009009,17.77777777777778,8.148148148148149,14,1,135,0,iris,0,9
none,pairflip,0.0,relabel,0,0,0,0,135,,,,,0.0,0.0,0.0,0.0,0,0,135,0,iris,0,0
NB hard_vote,pairflip,0.0,relabel,0,0,7,0,128,0.0,,0.0,,5.185185185185185,0.05185185185185185,0.0,5.185185185185185,0,7,135,0,iris,0,0
DT hard_vote,pairflip,0.0,relabel,0,0,8,0,127,0.0,,0.0,,5.9259259259259265,0.05925925925925926,0.0,5.925925925925926,0,8,135,0,iris,0,0
NB threshold,pairflip,0.0,relabel,0,0,3,0,132,0.0,,0.0,,2.2222222222222223,0.022222222222222223,0.0,2.2222222222222223,0,3,135,0,iris,0,0
DT threshold,pairflip,0.0,relabel,0,0,8,0,127,0.0,,0.0,,5.9259259259259265,0.05925925925925926,0.0,5.925925925925926,0,8,135,0,iris,0,0
committee consensus,pairflip,0.0,relabel,0,0,5,0,130,0.0,,0.0,,3.7037037037037033,0.037037037037037035,0.0,3.7037037037037037,0,5,135,0,iris,0,0
dual agreement,pairflip,0.0,relabel,0,0,2,0,133,0.0,,0.0,,1.4814814814814816,0.014814814814814815,0.0,1.4814814814814814,0,2,135,0,iris,0,0
none,pairflip,0.0,relabel,1,0,0,0,135,,,,,0.0,0.0,0.0,0.0,0,0,135,0,iris,0,1
NB hard_vote,pairflip,0.0,relabel,1,0,6,0,129,0.0,,0.0,,4.444444444444445,0.044444444444444446,0.0,4.444444444444445,0,6,135,0,iris,0,1
DT hard_vote,pairflip,0.0,relabel,1,0,7,0,128,0.0,,0.0,,5.185185185185185,0.05185185185185185,0.0,5.185185185185185,0,7,135,0,iris,0,1
NB threshold,pairflip,0.0,relabel,1,0,1,0,134,0.0,,0.0,,0.7407407407407408,0.007407407407407408,0.0,0.7407407407407407,0,1,135,0,iris,0,1
DT threshold,pairflip,0.0,relabel,1,0,7,0,128,0.0,,0.0,,5.185185185185185,0.05185185185185185,0.0,5.185185185185185,0,7,135,0,iris,0,1
committee consensus,pairflip,0.0,relabel,1,0,4,0,131,0.0,,0.0,,2.9629629629629632,0.02962962962962963,0.0,2.962962962962963,0,4,135,0,iris,0,1
dual agreement,pairflip,0.0,relabel,1,0,1,0,134,0.0,,0.0,,0.7407407407407408,0.007407407407407408,0.0,0.7407407407407407,0,1,135,0,iris,0,1
none,pairflip,0.0,relabel,2,0,0,0,135,,,,,0.0,0.0,0.0,0.0,0,0,135,0,iris,0,2
NB hard_vote,pairflip,0.0,relabel,2,0,7,0,128,0.0,,0.0,,5.185185185185185,0.05185185185185185,0.0,5.185185185185185,0,7,135,0,iris,0,2
DT hard_vote,pairflip,0.0,relabel,2,0,7,0,128,0.0,,0.0,,5.185185185185185,0.05185185185185185,0.0,5.185185185185185,0,7,135,0,iris,0,2
NB threshold,pairflip,0.0,relabel,2,0,2,0,133,0.0,,0.0,,1.4814814814814816,0.014814814814814815,0.0,1.4814814814814814,0,2,135,0,iris,0,2
DT threshold,pairflip,0.0,relabel,2,0,7,0,128,0.0,,0.0,,5.185185185185185,0.05185185185185185,0.0,5.185185185185185,0,7,135,0,iris,0,2
committee consensus,pairflip,0.0,relabel,2,0,5,0,130,0.0,,0.0,,3.7037037037037033,0.037037037037037035,0.0,3.7037037037037037,0,5,135,0,iris,0,2
dual agreement,pairflip,0.0,relabel,2,0,2,0,133,0.0,,0.0,,1.4814814814814816,0.014814814814814815,0.0,1.4814814814814814,0,2,135,0,iris,0,2
none,pairflip,0.0,relabel,3,0,0,0,135,,,,,0.0,0.0,0.0,0.0,0,0,135,0,iris,0,3
NB hard_vote,pairflip,0.0,relabel,3,0,7,0,128,0.0,,0.0,,5.185185185185185,0.05185185185185185,0.0,5.185185185185185,0,7,135,0,iris,0,3
DT hard_vote,pairflip,0.0,relabel,3,0,8,0,127,0.0,,0.0,,5.9259259259259265,0.05925925925925926,0.0,5.925925925925926,0,8,135,0,iris,0,3
NB threshold,pairflip,0.0,relabel,3,0,3,0,132,0.0,,0.0,,2.2222222222222223,0.022222222222222223,0.0,2.2222222222222223,0,3,135,0,iris,0,3
DT threshold,pairflip,0.0,relabel,3,0,8,0,127,0.0,,0.0,,5.9259259259259265,0.05925925925925926,0.0,5.925925925925926,0,8,135,0,iris,0,3
committee consensus,pairflip,0.0,relabel,3,0,5,0,130,0.0,,0.0,,3.7037037037037033,0.037037037037037035,0.0,3.7037037037037037,0,5,135,0,iris,0,3
dual agreement,pairflip,0.0,relabel,3,0,3,0,132,0.0,,0.0,,2.2222222222222223,0.022222222222222223,0.0,2.2222222222222223,0,3,135,0,iris,0,3
none,pairflip,0.0,relabel,4,0,0,0,135,,,,,0.0,0.0,0.0,0.0,0,0,135,0,iris,0,4
NB hard_vote,pairflip,0.0,relabel,4,0,7,0,128,0.0,,0.0,,5.185185185185185,0.05185185185185185,0.0,5.185185185185185,0,7,135,0,iris,0,4
DT hard_vote,pairflip,0.0,relabel,4,0,9,0,126,0.0,,0.0,,6.666666666666667,0.06666666666666667,0.0,6.666666666666667,0,9,135,0,iris,0,4
NB threshold,pairflip,0.0,relabel,4,0,3,0,132,0.0,,0.0,,2.2222222222222223,0.022222222222222223,0.0,2.2222222222222223,0,3,135,0,iris,0,4
DT threshold,pairflip,0.0,relabel,4,0,9,0,126,0.0,,0.0,,6.666666666666667,0.06666666666666667,0.0,6.666666666666667,0,9,135,0,iris,0,4
committee consensus,pairflip,0.0,relabel,4,0,7,0,128,0.0,,0.0,,5.185185185185185,0.05185185185185185,0.0,5.185185185185185,0,7,135,0,iris,0,4
dual agreement,pairflip,0.0,relabel,4,0,3,0,132,0.0,,0.0,,2.2222222222222223,0.022222222222222223,0.0,2.2222222222222223,0,3,135,0,iris,0,4
none,pairflip,0.0,relabel,5,0,0,0,135,,,,,0.0,0.0,0.0,0.0,0,0,135,0,iris,0,5
NB hard_vote,pairflip,0.0,relabel,5,0,7,0,128,0.0,,0.0,,5.185185185185185,0.05185185185185185,0.0,5.185185185185185,0,7,135,0,iris,0,5
DT hard_vote,pairflip,0.0,relabel,5,0,8,0,127,0.0,,0.0,,5.9259259259259265,0.05925925925925926,0.0,5.925925925925926,0,8,135,0,iris,0,5
NB threshold,pairflip,0.0,relabel,5,0,3,0,132,0.0,,0.0,,2.2222222222222223,0.022222222222222223,0.0,2.2222222222222223,0,3,135,0,iris,0,5
DT threshold,pairflip,0.0,relabel,5,0,8,0,127,0.0,,0.0,,5.9259259259259265,0.05925925925925926,0.0,5.925925925925926,0,8,135,0,iris,0,5
committee consensus,pairflip,0.0,relabel,5,0,5,0,130,0.0,,0.0,,3.7037037037037033,0.037037037037037035,0.0,3.7037037037037037,0,5,135,0,iris,0,5
dual agreement,pairflip,0.0,relabel,5,0,3,0,132,0.0,,0.0,,2.2222222222222223,0.022222222222222223,0.0,2.2222222222222223,0,3,135,0,iris,0,5
none,pairflip,0.0,relabel,6,0,0,0,135,,,,,0.0,0.0,0.0,0.0,0,0,135,0,iris,0,6
NB hard_vote,pairflip,0.0,relabel,6,0,5,0,130,0.0,,0.0,,3.7037037037037033,0.037037037037037035,0.0,3.7037037037037037,0,5,135,0,iris,0,6
DT hard_vote,pairflip,0.0,relabel,6,0,10,0,125,0.0,,0.0,,7.4074074074074066,0.07407407407407407,0.0,7.407407407407407,0,10,135,0,iris,0,6
NB threshold,pairflip,0.0,relabel,6,0,3,0,132,0.0,,0.0,,2.2222222222222223,0.022222222222222223,0.0,2.2222222222222223,0,3,135,0,iris,0,6
DT threshold,pairflip,0.0,relabel,6,0,10,0,125,0.0,,0.0,,7.4074074074074066,0.07407407407407407,0.0,7.407407407407407,0,10,135,0,iris,0,6
committee consensus,pairflip,0.0,relabel,6,0,4,0,131,0.0,,0.0,,2.9629629629629632,0.02962962962962963,0.0,2.962962962962963,0,4,135,0,iris,0,6
dual agreement,pairflip,0.0,relabel,6,0,3,0,132,0.0,,0.0,,2.2222222222222223,0.022222222222222223,0.0,2.2222222222222223,0,3,135,0,iris,0,6
none,pairflip,0.0,relabel,7,0,0,0,135,,,,,0.0,0.0,0.0,0.0,0,0,135,0,iris,0,7
NB hard_vote,pairflip,0.0,relabel,7,0,6,0,129,0.0,,0.0,,4.444444444444445,0.044444444444444446,0.0,4.444444444444445,0,6,135,0,iris,0,7
DT hard_vote,pairflip,0.0,relabel,7,0,9,0,126,0.0,,0.0,,6.666666666666667,0.06666666666666667,0.0,6.666666666666667,0,9,135,0,iris,0,7
NB threshold,pairflip,0.0,relabel,7,0,3,0,132,0.0,,0.0,,2.2222222222222223,0.022222222222222223,0.0,2.2222222222222223,0,3,135,0,iris,0,7
DT threshold,pairflip,0.0,relabel,7,0,9,0,126,0.0,,0.0,,6.666666666666667,0.06666666666666667,0.0,6.666666666666667,0,9,135,0,iris,0,7
committee consensus,pairflip,0.0,relabel,7,0,5,0,130,0.0,,0.0,,3.7037037037037033,0.037037037037037035,0.0,3.7037037037037037,0,5,135,0,iris,0,7
dual agreement,pairflip,0.0,relabel,7,0,3,0,132,0.0,,0.0,,2.2222222222222223,0.022222222222222223,0.0,2.2222222222222223,0,3,135,0,iris,0,7
none,pairflip,0.0,relabel,8,0,0,0,135,,,,,0.0,0.0,0.0,0.0,0,0,135,0,iris,0,8
NB hard_vote,pairflip,0.0,relabel,8,0,4,0,131,0.0,,0.0,,2.9629629629629632,0.02962962962962963,0.0,2.962962962962963,0,4,135,0,iris,0,8
DT hard_vote,pairflip,0.0,relabel,8,0,6,0,129,0.0,,0.0,,4.444444444444445,0.044444444444444446,0.0,4.444444444444445,0,6,135,0,iris,0,8
NB threshold,pairflip,0.0,relabel,8,0,1,0,134,0.0,,0.0,,0.7407407407407408,0.007407407407407408,0.0,0.7407407407407407,0,1,135,0,iris,0,8
DT threshold,pairflip,0.0,relabel,8,0,6,0,129,0.0,,0.0,,4.444444444444445,0.044444444444444446,0.0,4.444444444444445,0,6,135,0,iris,0,8
committee consensus,pairflip,0.0,relabel,8,0,2,0,133,0.0,,0.0,,1.4814814814814816,0.014814814814814815,0.0,1.4814814814814814,0,2,135,0,iris,0,8
dual agreement,pairflip,0.0,relabel,8,0,1,0,134,0.0,,0.0,,0.7407407407407408,0.007407407407407408,0.0,0.7407407407407407,0,1,135,0,iris,0,8
none,pairflip,0.0,relabel,9,0,0,0,135,,,,,0.0,0.0,0.0,0.0,0,0,135,0,iris,0,9
NB hard_vote,pairflip,0.0,relabel,9,0,6,0,129,0.0,,0.0,,4.444444444444445,0.044444444444444446,0.0,4.444444444444445,0,6,135,0,iris,0,9
DT hard_vote,pairflip,0.0,relabel,9,0,5,0,130,0.0,,0.0,,3.7037037037037033,0.037037037037037035,0.0,3.7037037037037037,0,5,135,0,iris,0,9
NB threshold,pairflip,0.0,relabel,9,0,3,0,132,0.0,,0.0,,2.2222222222222223,0.022222222222222223,0.0,2.2222222222222223,0,3,135,0,iris,0,9
DT threshold,pairflip,0.0,relabel,9,0,5,0,130,0.0,,0.0,,3.7037037037037033,0.037037037037037035,0.0,3.7037037037037037,0,5,135,0,iris,0,9
committee consensus,pairflip,0.0,relabel,9,0,4,0,131,0.0,,0.0,,2.9629629629629632,0.02962962962962963,0.0,2.962962962962963,0,4,135,0,iris,0,9
dual agreement,pairflip,0.0,relabel,9,0,2,0,133,0.0,,0.0,,1.4814814814814816,0.014814814814814815,0.0,1.4814814814814814,0,2,135,0,iris,0,9
none,pairflip,0.2,relabel,0,0,0,25,110,,0.0,0.0,,0.0,0.0,18.51851851851852,18.51851851851852,0,0,135,0,iris,0,0
NB hard_vote,pairflip,0.2,relabel,0,21,15,4,95,0.5833333333333334,0.84,0.6885245901639344,0.9632727272727273,26.666666666666668,0.13636363636363635,18.51851851851852,14.814814814814815,20,15,135,0,iris,0,0
DT hard_vote,pairflip,0.2,relabel,0,19,22,6,88,0.4634146341463415,0.76,0.5757575757575758,0.78,30.37037037037037,0.2,18.51851851851852,21.48148148148148,18,22,135,0,iris,0,0
NB threshold,pairflip,0.2,relabel,0,21,9,4,101,0.7,0.84,0.7636363636363637,0.9632727272727273,22.22222222222222,0.08181818181818182,18.51851851851852,10.37037037037037,20,9,135,0,iris,0,0
DT threshold,pairflip,0.2,relabel,0,19,22,6,88,0.4634146341463415,0.76,0.5757575757575758,0.78,30.37037037037037,0.2,18.51851851851852,21.48148148148148,18,22,135,0,iris,0,0
committee consensus,pairflip,0.2,relabel,0,16,6,9,104,0.7272727272727273,0.64,0.6808510638297872,0.9338181818181819,16.296296296296298,0.05454545454545454,18.51851851851852,11.851851851851851,15,6,135,0,iris,0,0
dual agreement,pairflip,0.2,relabel,0,14,5,11,105,0.7368421052631579,0.56,0.6363636363636364,0.9338181818181819,14.074074074074074,0.045454545454545456,18.51851851851852,11.851851851851851,14,5,135,0,iris,0,0
none,pairflip,0.2,relabel,1,0,0,23,112,,0.0,0.0,,0.0,0.0,17.037037037037038,17.037037037037038,0,0,135,0,iris,0,1
NB hard_vote,pairflip,0.2,relabel,1,22,15,1,97,0.5945945945945946,0.9565217391304348,0.7333333333333333,0.9883540372670807,27.40740740740741,0.13392857142857142,17.037037037037038,11.851851851851851,22,15,135,0,iris,0,1
DT hard_vote,pairflip,0.2,relabel,1,18,31,5,81,0.3673469387755102,0.782608695652174,0.5,0.7529114906832298,36.2962962962963,0.2767857142857143,17.037037037037038,27.40740740740741,17,31,135,0,iris,0,1
NB threshold,pairflip,0.2,relabel,1,22,7,1,105,0.7586206896551724,0.9565217391304348,0.8461538461538461,0.9883540372670807,21.48148148148148,0.0625,17.037037037037038,5.925925925925926,22,7,135,0,iris,0,1
DT threshold,pairflip,0.2,relabel,1,18,31,5,81,0.3673469387755102,0.782608695652174,0.5,0.7529114906832298,36.2962962962963,0.2767857142857143,17.037037037037038,27.40740740740741,17,31,135,0,iris,0,1
committee consensus,pairflip,0.2,relabel,1,17,7,6,105,0.7083333333333334,0.7391304347826086,0.723404255319149,0.9340062111801242,17.77777777777778,0.0625,17.037037037037038,10.37037037037037,16,7,135,0,iris,0,1
dual agreement,pairflip,0.2,relabel,1,16,3,7,109,0.8421052631578947,0.6956521739130435,0.7619047619047619,0.9340062111801242,14.074074074074074,0.026785714285714284,17.037037037037038,7.407407407407407,16,3,135,0,iris,0,1
none,pairflip,0.2,relabel,2,0,0,29,106,,0.0,0.0,,0.0,0.0,21.48148148148148,21.48148148148148,0,0,135,0,iris,0,2
NB hard_vote,pairflip,0.2,relabel,2,25,18,4,88,0.5813953488372093,0.8620689655172413,0.6944444444444444,0.9505530253741055,31.851851851851855,0.16981132075471697,21.48148148148148,16.296296296296298,25,18,135,0,iris,0,2
DT hard_vote,pairflip,0.2,relabel,2,21,20,8,86,0.5121951219512195,0.7241379310344828,0.6,0.767729342875732,30.37037037037037,0.18867924528301888,21.48148148148148,20.74074074074074,21,20,135,0,iris,0,2
NB threshold,pairflip,0.2,relabel,2,25,12,4,94,0.6756756756756757,0.8620689655172413,0.7575757575757576,0.9505530253741055,27.40740740740741,0.11320754716981132,21.48148148148148,11.851851851851851,25,12,135,0,iris,0,2
DT threshold,pairflip,0.2,relabel,2,21,20,8,86,0.5121951219512195,0.7241379310344828,0.6,0.767729342875732,30.37037037037037,0.18867924528301888,21.48148148148148,20.74074074074074,21,20,135,0,iris,0,2
committee consensus,pairflip,0.2,relabel,2,18,7,11,99,0.72,0.6206896551724138,0.6666666666666666,0.9255042290175668,18.51851851851852,0.0660377358490566,21.48148148148148,13.333333333333334,18,7,135,0,iris,0,2
dual agreement,pairflip,0.2,relabel,2,18,5,11,101,0.782608695652174,0.6206896551724138,0.6923076923076923,0.9255042290175668,17.037037037037038,0.04716981132075472,21.48148148148148,11.851851851851851,18,5,135,0,iris,0,2
none,pairflip,0.2,relabel,3,0,0,22,113,,0.0,0.0,,0.0,0.0,16.296296296296298,16.296296296296298,0,0,135,0,iris,0,3
NB hard_vote,pairflip,0.2,relabel,3,20,16,2,97,0.5555555555555556,0.9090909090909091,0.6896551724137931,0.9605792437650845,26.666666666666668,0.1415929203539823,16.296296296296298,13.333333333333334,20,16,135,0,iris,0,3
DT hard_vote,pairflip,0.2,relabel,3,20,20,2,93,0.5,0.9090909090909091,0.6451612903225806,0.8660498793242156,29.629629629629626,0.17699115044247787,16.296296296296298,16.296296296296298,20,20,135,0,iris,0,3
NB threshold,pairflip,0.2,relabel,3,20,8,2,105,0.7142857142857143,0.9090909090909091,0.8,0.9605792437650845,20.74074074074074,0.07079646017699115,16.296296296296298,7.407407407407407,20,8,135,0,iris,0,3
DT threshold,pairflip,0.2,relabel,3,20,20,2,93,0.5,0.9090909090909091,0.6451612903225806,0.8660498793242156,29.629629629629626,0.17699115044247787,16.296296296296298,16.296296296296298,20,20,135,0,iris,0,3
committee consensus,pairflip,0.2,relabel,3,19,5,3,108,0.7916666666666666,0.8636363636363636,0.8260869565217391,0.9658085277554304,17.77777777777778,0.04424778761061947,16.296296296296298,5.925925925925926,19,5,135,0,iris,0,3
dual agreement,pairflip,0.2,relabel,3,19,3,3,110,0.8636363636363636,0.8636363636363636,0.8636363636363636,0.9658085277554304,16.296296296296298,0.02654867256637168,16.296296296296298,4.444444444444445,19,3,135,0,iris,0,3
none,pairflip,0.2,relabel,4,0,0,19,116,,0.0,0.0,,0.0,0.0,14.074074074074074,14.074074074074074,0,0,135,0,iris,0,4
NB hard_vote,pairflip,0.2,relabel,4,17,11,2,105,0.6071428571428571,0.8947368421052632,0.723404255319149,0.9777676950998185,20.74074074074074,0.09482758620689655,14.074074074074074,9.62962962962963,17,11,135,0,iris,0,4
DT hard_vote,pairflip,0.2,relabel,4,16,22,3,94,0.42105263157894735,0.8421052631578947,0.5614035087719298,0.8262250453720508,28.14814814814815,0.1896551724137931,14.074074074074074,19.25925925925926,15,22,135,0,iris,0,4
NB threshold,pairflip,0.2,relabel,4,17,3,2,113,0.85,0.8947368421052632,0.8717948717948718,0.9777676950998185,14.814814814814813,0.02586206896551724,14.074074074074074,3.7037037037037037,17,3,135,0,iris,0,4
DT threshold,pairflip,0.2,relabel,4,16,22,3,94,0.42105263157894735,0.8421052631578947,0.5614035087719298,0.8262250453720508,28.14814814814815,0.1896551724137931,14.074074074074074,19.25925925925926,15,22,135,0,iris,0,4
committee consensus,pairflip,0.2,relabel,4,14,7,5,109,0.6666666666666666,0.7368421052631579,0.7,0.9596188747731397,15.555555555555555,0.0603448275862069,14.074074074074074,9.62962962962963,13,7,135,0,iris,0,4
dual agreement,pairflip,0.2,relabel,4,13,3,6,113,0.8125,0.6842105263157895,0.7428571428571429,0.9596188747731397,11.851851851851853,0.02586206896551724,14.074074074074074,6.666666666666667,13,3,135,0,iris,0,4
none,pairflip,0.2,relabel,5,0,0,26,109,,0.0,0.0,,0.0,0.0,19.25925925925926,19.25925925925926,0,0,135,0,iris,0,5
NB hard_vote,pairflip,0.2,relabel,5,23,10,3,99,0.696969696969697,0.8846153846153846,0.7796610169491526,0.9798870853916726,24.444444444444443,0.09174311926605505,19.25925925925926,10.37037037037037,22,10,135,0,iris,0,5
DT hard_vote,pairflip,0.2,relabel,5,20,20,6,89,0.5,0.7692307692307693,0.6060606060606061,0.7928722653493295,29.629629629629626,0.1834862385321101,19.25925925925926,19.25925925925926,20,20,135,0,iris,0,5
NB threshold,pairflip,0.2,relabel,5,23,4,3,105,0.8518518518518519,0.8846153846153846,0.8679245283018868,0.9798870853916726,20.0,0.03669724770642202,19.25925925925926,5.925925925925926,22,4,135,0,iris,0,5
DT threshold,pairflip,0.2,relabel,5,20,20,6,89,0.5,0.7692307692307693,0.6060606060606061,0.7928722653493295,29.629629629629626,0.1834862385321101,19.25925925925926,19.25925925925926,20,20,135,0,iris,0,5
committee consensus,pairflip,0.2,relabel,5,18,5,8,104,0.782608695652174,0.6923076923076923,0.7346938775510204,0.9449541284403671,17.037037037037038,0.045871559633027525,19.25925925925926,9.62962962962963,18,5,135,0,iris,0,5
dual agreement,pairflip,0.2,relabel,5,18,2,8,107,0.9,0.6923076923076923,0.782608695652174,0.9449541284403671,14.814814814814813,0.01834862385321101,19.25925925925926,7.407407407407407,18,2,135,0,iris,0,5
none,pairflip,0.2,relabel,6,0,0,26,109,,0.0,0.0,,0.0,0.0,19.25925925925926,19.25925925925926,0,0,135,0,iris,0,6
NB hard_vote,pairflip,0.2,relabel,6,24,8,2,101,0.75,0.9230769230769231,0.8275862068965517,0.9724770642201834,23.703703703703706,0.07339449541284404,19.25925925925926,8.88888888888889,22,8,135,0,iris,0,6
DT hard_vote,pairflip,0.2,relabel,6,17,26,9,83,0.3953488372093023,0.6538461538461539,0.4927536231884058,0.7076570218772053,31.851851851851855,0.23853211009174313,19.25925925925926,26.666666666666668,16,26,135,0,iris,0,6
NB threshold,pairflip,0.2,relabel,6,23,1,3,108,0.9583333333333334,0.8846153846153846,0.92,0.9724770642201834,17.77777777777778,0.009174311926605505,19.25925925925926,4.444444444444445,21,1,135,0,iris,0,6
DT threshold,pairflip,0.2,relabel,6,17,26,9,83,0.3953488372093023,0.6538461538461539,0.4927536231884058,0.7076570218772053,31.851851851851855,0.23853211009174313,19.25925925925926,26.666666666666668,16,26,135,0,iris,0,6
committee consensus,pairflip,0.2,relabel,6,15,2,11,107,0.8823529411764706,0.5769230769230769,0.6976744186046512,0.9064925899788284,12.592592592592592,0.01834862385321101,19.25925925925926,10.37037037037037,14,2,135,0,iris,0,6
dual agreement,pairflip,0.2,relabel,6,14,1,12,108,0.9333333333333333,0.5384615384615384,0.6829268292682927,0.9064925899788284,11.11111111111111,0.009174311926605505,19.25925925925926,10.37037037037037,13,1,135,0,iris,0,6
none,pairflip,0.2,relabel,7,0,0,27,108,,0.0,0.0,,0.0,0.0,20.0,20.0,0,0,135,0,iris,0,7
NB hard_vote,pairflip,0.2,relabel,7,23,14,4,94,0.6216216216216216,0.8518518518518519,0.71875,0.9670781893004115,27.40740740740741,0.12962962962962962,20.0,14.074074074074074,22,14,135,0,iris,0,7
DT hard_vote,pairflip,0.2,relabel,7,20,35,7,73,0.36363636363636365,0.7407407407407407,0.4878048780487805,0.7151920438957475,40.74074074074074,0.32407407407407407,20.0,32.592592592592595,18,35,135,0,iris,0,7
NB threshold,pairflip,0.2,relabel,7,23,5,4,103,0.8214285714285714,0.8518518518518519,0.8363636363636363,0.9670781893004115,20.74074074074074,0.046296296296296294,20.0,7.407407407407407,22,5,135,0,iris,0,7
DT threshold,pairflip,0.2,relabel,7,20,33,7,75,0.37735849056603776,0.7407407407407407,0.5,0.7151920438957475,39.25925925925926,0.3055555555555556,20.0,31.11111111111111,18,33,135,0,iris,0,7
committee consensus,pairflip,0.2,relabel,7,17,9,10,99,0.6538461538461539,0.6296296296296297,0.6415094339622641,0.9026063100137174,19.25925925925926,0.08333333333333333,20.0,15.555555555555555,15,9,135,0,iris,0,7
dual agreement,pairflip,0.2,relabel,7,14,2,13,106,0.875,0.5185185185185185,0.6511627906976745,0.9026063100137174,11.851851851851853,0.018518518518518517,20.0,11.11111111111111,14,2,135,0,iris,0,7
none,pairflip,0.2,relabel,8,0,0,27,108,,0.0,0.0,,0.0,0.0,20.0,20.0,0,0,135,0,iris,0,8
NB hard_vote,pairflip,0.2,relabel,8,25,13,2,95,0.6578947368421053,0.9259259259259259,0.7692307692307693,0.977366255144033,28.14814814814815,0.12037037037037036,20.0,11.11111111111111,25,13,135,0,iris,0,8
DT hard_vote,pairflip,0.2,relabel,8,17,18,10,90,0.4857142857142857,0.6296296296296297,0.5483870967741935,0.7314814814814816,25.925925925925924,0.16666666666666666,20.0,20.74074074074074,17,18,135,0,iris,0,8
NB threshold,pairflip,0.2,relabel,8,25,6,2,102,0.8064516129032258,0.9259259259259259,0.8620689655172413,0.977366255144033,22.962962962962962,0.05555555555555555,20.0,5.925925925925926,25,6,135,0,iris,0,8
DT threshold,pairflip,0.2,relabel,8,17,18,10,90,0.4857142857142857,0.6296296296296297,0.5483870967741935,0.7314814814814816,25.925925925925924,0.16666666666666666,20.0,20.74074074074074,17,18,135,0,iris,0,8
committee consensus,pairflip,0.2,relabel,8,16,4,11,104,0.8,0.5925925925925926,0.6808510638297872,0.9283264746227708,14.814814814814813,0.037037037037037035,20.0,11.11111111111111,16,4,135,0,iris,0,8
dual agreement,pairflip,0.2,relabel,8,16,2,11,106,0.8888888888888888,0.5925925925925926,0.7111111111111111,0.9283264746227708,13.333333333333334,0.018518518518518517,20.0,9.62962962962963,16,2,135,0,iris,0,8
none,pairflip,0.2,relabel,9,0,0,24,111,,0.0,0.0,,0.0,0.0,17.77777777777778,17.77777777777778,0,0,135,0,iris,0,9
NB hard_vote,pairflip,0.2,relabel,9,20,9,4,102,0.6896551724137931,0.8333333333333334,0.7547169811320755,0.9448198198198199,21.48148148148148,0.08108108108108109,17.77777777777778,10.37037037037037,19,9,135,0,iris,0,9
DT hard_vote,pairflip,0.2,relabel,9,22,26,2,85,0.4583333333333333,0.9166666666666666,0.6111111111111112,0.841216216216216,35.55555555555556,0.23423423423423423,17.77777777777778,21.48148148148148,21,26,135,0,iris,0,9
NB threshold,pairflip,0.2,relabel,9,19,4,5,107,0.8260869565217391,0.7916666666666666,0.8085106382978723,0.9448198198198199,17.037037037037038,0.036036036036036036,17.77777777777778,7.407407407407407,18,4,135,0,iris,0,9
DT threshold,pairflip,0.2,relabel,9,22,26,2,85,0.4583333333333333,0.9166666666666666,0.6111111111111112,0.841216216216216,35.55555555555556,0.23423423423423423,17.77777777777778,21.48148148148148,21,26,135,0,iris,0,9
committee consensus,pairflip,0.2,relabel,9,18,4,6,107,0.8181818181818182,0.75,0.782608695652174,0.9605855855855856,16.296296296296298,0.036036036036036036,17.77777777777778,7.407407407407407,18,4,135,0,iris,0,9
dual agreement,pairflip,0.2,relabel,9,16,2,8,109,0.8888888888888888,0.6666666666666666,0.7619047619047619,0.9605855855855856,13.333333333333334,0.018018018018018018,17.77777777777778,7.407407407407407,16,2,135,0,iris,0,9
