dataset,kind,rate,handling,arm,seed,fold_seed,tp,fp,fn,tn,precision,recall,f1,auroc,flagged_pct,false_positive_rate,true_noise_pct,post_noise_pct,corrected,newly_wrong,rows_after,rescued_by_floor,fold
iris,pairflip,0.0,relabel,DT hard_vote,0.0,4.5,0,77,0,1273,0.0,,0.0,,5.703703703703703,0.05703703703703704,0.0,5.703703703703703,0.0,7.7,135.0,0.0,4.5
iris,pairflip,0.0,relabel,DT threshold,0.0,4.5,0,77,0,1273,0.0,,0.0,,5.703703703703703,0.05703703703703704,0.0,5.703703703703703,0.0,7.7,135.0,0.0,4.5
iris,pairflip,0.0,relabel,NB hard_vote,0.0,4.5,0,62,0,1288,0.0,,0.0,,4.592592592592593,0.045925925925925926,0.0,4.592592592592593,0.0,6.2,135.0,0.0,4.5
iris,pairflip,0.0,relabel,NB threshold,0.0,4.5,0,25,0,1325,0.0,,0.0,,1.8518518518518519,0.018518518518518517,0.0,1.8518518518518519,0.0,2.5,135.0,0.0,4.5
iris,pairflip,0.0,relabel,committee consensus,0.0,4.5,0,46,0,1304,0.0,,0.0,,3.407407407407407,0.034074074074074076,0.0,3.407407407407407,0.0,4.6,135.0,0.0,4.5
iris,pairflip,0.0,relabel,dual agreement,0.0,4.5,0,23,0,1327,0.0,,0.0,,1.7037037037037037,0.017037037037037038,0.0,1.7037037037037037,0.0,2.3,135.0,0.0,4.5
iris,pairflip,0.0,relabel,none,0.0,4.5,0,0,0,1350,,,,,0.0,0.0,0.0,0.0,0.0,0.0,135.0,0.0,4.5
iris,pairflip,0.2,relabel,DT hard_vote,0.0,4.5,190,240,58,862,0.4418604651162791,0.7661290322580645,0.56047197640118,0.7781334787075208,31.851851851851855,0.2177858439201452,18.37037037037037,22.59259259259259,18.3,24.0,135.0,0.0,4.5
iris,pairflip,0.2,relabel,DT threshold,0.0,4.5,190,238,58,864,0.4439252336448598,0.7661290322580645,0.5621301775147929,0.7781334787075208,31.703703703703702,0.2159709618874773,18.37037037037037,22.444444444444446,18.3,23.8,135.0,0.0,4.5
iris,pairflip,0.2,relabel,NB hard_vote,0.0,4.5,220,129,28,973,0.6303724928366762,0.8870967741935484,0.7370184254606366,0.9682155142654937,25.851851851851855,0.11705989110707804,18.37037037037037,12.074074074074074,21.4,12.9,135.0,0.0,4.5
iris,pairflip,0.2,relabel,NB threshold,0.0,4.5,218,59,30,1043,0.7870036101083032,0.8790322580645161,0.8304761904761905,0.9682155142654937,20.518518518518515,0.05353901996370236,18.37037037037037,7.037037037037036,21.2,5.9,135.0,0.0,4.5
iris,pairflip,0.2,relabel,committee consensus,0.0,4.5,168,56,80,1046,0.75,0.6774193548387096,0.711864406779661,0.9361721113185713,16.592592592592595,0.050816696914700546,18.37037037037037,10.518518518518517,16.2,5.6,135.0,0.0,4.5
iris,pairflip,0.2,relabel,dual agreement,0.0,4.5,158,28,90,1074,0.8494623655913979,0.6370967741935484,0.728110599078341,0.9361721113185713,13.777777777777777,0.025408348457350273,18.37037037037037,8.814814814814815,15.7,2.8,135.0,0.0,4.5
iris,pairflip,0.2,relabel,none,0.0,4.5,0,0,248,1102,,0.0,0.0,,0.0,0.0,18.37037037037037,18.37037037037037,0.0,0.0,135.0,0.0,4.5
iris,symmetric,0.0,relabel,DT hard_vote,0.0,4.5,0,77,0,1273,0.0,,0.0,,5.703703703703703,0.05703703703703704,0.0,5.703703703703703,0.0,7.7,135.0,0.0,4.5
iris,symmetric,0.0,relabel,DT threshold,0.0,4.5,0,77,0,1273,0.0,,0.0,,5.703703703703703,0.05703703703703704,0.0,5.703703703703703,0.0,7.7,135.0,0.0,4.5
iris,symmetric,0.0,relabel,NB hard_vote,0.0,4.5,0,62,0,1288,0.0,,0.0,,4.592592592592593,0.045925925925925926,0.0,4.592592592592593,0.0,6.2,135.0,0.0,4.5
iris,symmetric,0.0,relabel,NB threshold,0.0,4.5,0,25,0,1325,0.0,,0.0,,1.8518518518518519,0.018518518518518517,0.0,1.8518518518518519,0.0,2.5,135.0,0.0,4.5
iris,symmetric,0.0,relabel,committee consensus,0.0,4.5,0,46,0,1304,0.0,,0.0,,3.407407407407407,0.034074074074074076,0.0,3.407407407407407,0.0,4.6,135.0,0.0,4.5
iris,symmetric,0.0,relabel,dual agreement,0.0,4.5,0,23,0,1327,0.0,,0.0,,1.7037037037037037,0.017037037037037038,0.0,1.7037037037037037,0.0,2.3,135.0,0.0,4.5
iris,symmetric,0.0,relabel,none,0.0,4.5,0,0,0,1350,,,,,0.0,0.0,0.0,0.0,0.0,0.0,135.0,0.0,4.5
iris,symmetric,0.2,relabel,DT hard_vote,0.0,4.5,210,240,38,862,0.4666666666666667,0.8467741935483871,0.6017191977077364,0.815442517866337,33.333333333333336,0.2177858439201452,18.37037037037037,22.296296296296294,18.7,24.0,135.0,0.0,4.5
iris,symmetric,0.2,relabel,DT threshold,0.0,4.5,210,239,38,863,0.46770601336302897,0.8467741935483871,0.6025824964131994,0.815442517866337,33.25925925925926,0.21687840290381125,18.37037037037037,22.22222222222222,18.7,23.9,135.0,0.0,4.5
iris,symmetric,0.2,relabel,NB hard_vote,0.0,4.5,237,118,11,984,0.6676056338028169,0.9556451612903226,0.7860696517412935,0.9855302434016023,26.296296296296294,0.10707803992740472,18.37037037037037,10.740740740740742,22.1,11.8,135.0,0.0,4.5
iris,symmetric,0.2,relabel,NB threshold,0.0,4.5,212,48,36,1054,0.8153846153846154,0.8548387096774194,0.8346456692913385,0.9855302434016023,19.25925925925926,0.043557168784029036,18.37037037037037,6.888888888888888,20.3,4.8,135.0,0.0,4.5
iris,symmetric,0.2,relabel,committee consensus,0.0,4.5,203,51,45,1051,0.7992125984251969,0.8185483870967742,0.8087649402390438,0.9581727981421462,18.814814814814817,0.04627949183303085,18.37037037037037,8.814814814814817,18.0,5.1,135.0,0.0,4.5
iris,symmetric,0.2,relabel,dual agreement,0.0,4.5,164,20,84,1082,0.8913043478260869,0.6612903225806451,0.7592592592592593,0.9581727981421462,13.629629629629628,0.018148820326678767,18.37037037037037,8.074074074074074,15.9,2.0,135.0,0.0,4.5
iris,symmetric,0.2,relabel,none,0.0,4.5,0,0,248,1102,,0.0,0.0,,0.0,0.0,18.37037037037037,18.37037037037037,0.0,0.0,135.0,0.0,4.5
