class,sepal_width,petal_length,petal_width
0,1.75,0.8082903768654761,0.2
0,1.5,0.8082903768654761,0.2
0,1.6,0.7505553499465136,0.2
0,1.55,0.8660254037844388,0.2
0,1.8,0.8082903768654761,0.2
0,1.95,0.9814954576223639,0.4
0,1.7,0.8082903768654761,0.3
0,1.7,0.8660254037844388,0.2
0,1.45,0.8082903768654761,0.2
0,1.55,0.8660254037844388,0.1
0,1.85,0.8660254037844388,0.2
0,1.7,0.9237604307034014,0.2
0,1.5,0.8082903768654761,0.1
0,1.5,0.6350852961085884,0.1
0,2.0,0.692820323027551,0.2
0,2.2,0.8660254037844388,0.4
0,1.95,0.7505553499465136,0.4
0,1.75,0.8082903768654761,0.3
0,1.9,0.9814954576223639,0.3
0,1.9,0.8660254037844388,0.3
0,1.7,0.9814954576223639,0.2
0,1.85,0.8660254037844388,0.4
0,1.8,0.5773502691896258,0.2
0,1.65,0.9814954576223639,0.5
0,1.7,1.096965511460289,0.2
0,1.5,0.9237604307034014,0.2
0,1.7,0.9237604307034014,0.4
0,1.75,0.8660254037844388,0.2
0,1.7,0.8082903768654761,0.2
0,1.6,0.9237604307034014,0.2
0,1.55,0.9237604307034014,0.2
0,1.7,0.8660254037844388,0.4
0,2.05,0.8660254037844388,0.1
0,2.1,0.8082903768654761,0.2
0,1.55,0.8660254037844388,0.2
0,1.6,0.692820323027551,0.2
0,1.75,0.7505553499465136,0.2
0,1.8,0.8082903768654761,0.1
0,1.5,0.7505553499465136,0.2
0,1.7,0.8660254037844388,0.2
0,1.75,0.7505553499465136,0.3
0,1.15,0.7505553499465136,0.3
0,1.6,0.7505553499465136,0.2
0,1.75,0.9237604307034014,0.6
0,1.9,1.096965511460289,0.4
0,1.5,0.8082903768654761,0.3
0,1.9,0.9237604307034014,0.2
0,1.6,0.8082903768654761,0.2
0,1.85,0.8660254037844388,0.2
0,1.65,0.8082903768654761,0.2
1,1.6,2.7135462651912414,1.4
1,1.6,2.5980762113533165,1.5
1,1.55,2.829016319029167,1.5
1,1.15,2.3094010767585034,1.3
1,1.4,2.6558112382722787,1.5
1,1.4,2.5980762113533165,1.3
1,1.65,2.7135462651912414,1.6
1,1.2,1.905255888325765,1.0
1,1.45,2.6558112382722787,1.3
1,1.35,2.2516660498395407,1.4
1,1.0,2.0207259421636903,1.0
1,1.5,2.424871130596429,1.5
1,1.1,2.3094010767585034,1.0
1,1.45,2.7135462651912414,1.4
1,1.45,2.078460969082653,1.3
1,1.55,2.5403411844343537,1.4
1,1.5,2.5980762113533165,1.5
1,1.35,2.3671361036774656,1.0
1,1.1,2.5980762113533165,1.5
1,1.25,2.2516660498395407,1.1
1,1.4,2.3094010767585034,1.3
1,1.25,2.829016319029167,1.5
1,1.4,2.7135462651912414,1.2
1,1.45,2.482606157515391,1.3
1,1.5,2.5403411844343537,1.4
1,1.4,2.771281292110204,1.4
1,1.45,2.5980762113533165,1.5
1,1.3,2.0207259421636903,1.0
1,1.2,2.193931022920578,1.1
1,1.2,2.1361959960016157,1.0
1,1.35,2.2516660498395407,1.2
1,1.35,2.944486372867092,1.6
1,1.5,2.5980762113533165,1.5
1,1.7,2.5980762113533165,1.6
1,1.55,2.7135462651912414,1.5
1,1.15,2.5403411844343537,1.3
1,1.5,2.3671361036774656,1.3
1,1.25,2.3094010767585034,1.3
1,1.3,2.5403411844343537,1.2
1,1.5,2.6558112382722787,1.4
1,1.3,2.3094010767585034,1.2
1,1.15,1.905255888325765,1.0
1,1.35,2.424871130596429,1.3
1,1.5,2.424871130596429,1.2
1,1.45,2.424871130596429,1.3
1,1.45,2.482606157515391,1.3
1,1.25,1.7320508075688776,1.1
1,1.4,2.3671361036774656,1.3
2,1.65,3.4641016151377553,2.5
2,1.35,2.944486372867092,1.9
2,1.5,3.4063665882187926,2.1
2,1.45,3.2331615074619044,1.8
2,1.5,3.34863156129983,2.2
2,1.5,3.81051177665153,2.1
2,1.45,3.6373066958946425,1.8
2,1.25,3.34863156129983,1.8
2,1.8,3.5218366420567175,2.5
2,1.6,2.944486372867092,2.0
2,1.35,3.0599564267050168,1.9
2,1.5,3.175426480542942,2.1
2,1.25,2.886751345948129,2.0
2,1.4,2.944486372867092,2.4
2,1.6,3.0599564267050168,2.3
2,1.5,3.175426480542942,1.8
2,1.9,3.8682468035704933,2.2
2,1.3,3.9837168574084183,2.3
2,1.6,3.2908965343808676,2.3
2,1.4,2.829016319029167,2.0
2,1.4,3.8682468035704933,2.0
2,1.35,2.829016319029167,1.8
2,1.65,3.2908965343808676,2.1
2,1.6,3.4641016151377553,1.8
2,1.4,2.771281292110204,1.8
2,1.5,2.829016319029167,1.8
2,1.4,3.2331615074619044,2.1
2,1.5,3.34863156129983,1.6
2,1.4,3.5218366420567175,1.9
2,1.9,3.6950417228136057,2.0
2,1.4,3.2331615074619044,2.2
2,1.4,2.944486372867092,1.5
2,1.3,3.2331615074619044,1.4
2,1.5,3.5218366420567175,2.3
2,1.7,3.2331615074619044,2.4
2,1.55,3.175426480542942,1.8
2,1.5,2.771281292110204,1.8
2,1.55,3.11769145362398,2.1
2,1.55,3.2331615074619044,2.4
2,1.55,2.944486372867092,2.3
2,1.35,2.944486372867092,1.9
2,1.6,3.4063665882187926,2.3
2,1.65,3.2908965343808676,2.5
2,1.5,3.0022213997860545,2.3
2,1.25,2.886751345948129,1.9
2,1.5,3.0022213997860545,2.0
2,1.7,3.11769145362398,2.3
2,1.5,2.944486372867092,1.8
