row_id,1,2,3,4,class
0,1.0,1.0,1.0,1.0,3
1,1.0,1.0,1.0,2.0,2
2,1.0,1.0,2.0,1.0,3
3,1.0,1.0,2.0,2.0,1
4,1.0,2.0,1.0,1.0,3
5,1.0,2.0,1.0,2.0,2
6,1.0,2.0,2.0,1.0,3
7,1.0,2.0,2.0,2.0,1
8,2.0,1.0,1.0,1.0,3
9,2.0,1.0,1.0,2.0,2
10,2.0,1.0,2.0,1.0,3
11,2.0,1.0,2.0,2.0,1
12,2.0,2.0,1.0,1.0,3
13,2.0,2.0,1.0,2.0,2
14,2.0,2.0,2.0,1.0,3
15,2.0,2.0,2.0,2.0,3
16,3.0,1.0,1.0,1.0,3
17,3.0,1.0,1.0,2.0,3
18,3.0,1.0,2.0,1.0,3
19,3.0,1.0,2.0,2.0,1
20,3.0,2.0,1.0,1.0,3
21,3.0,2.0,1.0,2.0,2
22,3.0,2.0,2.0,1.0,3
23,3.0,2.0,2.0,2.0,3
