attribute,weight,kept
1_?,0.0,False
1_n,0.31622776601683794,True
1_y,0.0,False
2_?,0.0,False
2_n,0.0,False
2_y,0.3333333333333333,True
3_?,0.0,False
3_n,0.5773502691896258,True
3_y,0.7071067811865475,True
4_?,0.4472135954999579,True
4_n,0.0,False
4_y,1.0,True
5_?,0.0,False
5_n,0.0,False
5_y,0.0,False
6_?,0.0,False
6_n,0.3779644730092272,True
6_y,0.0,False
7_?,0.0,False
7_n,0.0,False
7_y,0.5,True
8_?,0.0,False
8_n,0.0,False
8_y,0.0,False
9_?,0.0,False
9_n,0.5,True
9_y,0.5,True
10_?,0.0,False
10_n,0.4082482904638631,True
10_y,0.5,True
11_?,0.0,False
11_n,0.5,True
11_y,0.7071067811865475,True
12_?,0.5773502691896258,True
12_n,0.4472135954999579,True
12_y,0.0,False
13_?,0.0,False
13_n,0.0,False
13_y,0.3779644730092272,True
14_?,0.0,False
14_n,0.0,False
14_y,0.0,False
15_?,0.0,False
15_n,0.4082482904638631,True
15_y,0.5773502691896258,True
16_?,0.4472135954999579,True
16_n,0.0,False
16_y,0.4472135954999579,True
