class,1_n,2_y,3_n,3_y,4_?,4_y,6_n,7_y,9_n,9_y,10_n,10_y,11_n,11_y,12_?,12_n,13_y,15_n,15_y,16_?,16_y
republican,0.31622776601683794,0.3333333333333333,0.5773502691896258,0.0,0.0,1.0,0.0,0.0,0.5,0.0,0.0,0.5,0.0,0.0,0.0,0.0,0.3779644730092272,0.4082482904638631,0.0,0.0,0.4472135954999579
republican,0.31622776601683794,0.3333333333333333,0.5773502691896258,0.0,0.0,1.0,0.0,0.0,0.5,0.0,0.4082482904638631,0.0,0.5,0.0,0.0,0.0,0.3779644730092272,0.4082482904638631,0.0,0.4472135954999579,0.0
democrat,0.0,0.3333333333333333,0.0,0.7071067811865475,0.4472135954999579,0.0,0.0,0.0,0.5,0.0,0.4082482904638631,0.0,0.0,0.7071067811865475,0.0,0.4472135954999579,0.3779644730092272,0.4082482904638631,0.0,0.0,0.0
democrat,0.31622776601683794,0.3333333333333333,0.0,0.7071067811865475,0.0,0.0,0.0,0.0,0.5,0.0,0.4082482904638631,0.0,0.0,0.7071067811865475,0.0,0.4472135954999579,0.3779644730092272,0.4082482904638631,0.0,0.0,0.4472135954999579
democrat,0.0,0.3333333333333333,0.0,0.7071067811865475,0.0,0.0,0.0,0.0,0.5,0.0,0.4082482904638631,0.0,0.0,0.7071067811865475,0.5773502691896258,0.0,0.3779644730092272,0.0,0.5773502691896258,0.0,0.4472135954999579
democrat,0.31622776601683794,0.3333333333333333,0.0,0.7071067811865475,0.0,0.0,0.0,0.0,0.5,0.0,0.4082482904638631,0.0,0.5,0.0,0.0,0.4472135954999579,0.3779644730092272,0.0,0.5773502691896258,0.0,0.4472135954999579
republican,0.31622776601683794,0.3333333333333333,0.5773502691896258,0.0,0.0,1.0,0.0,0.0,0.5,0.0,0.4082482904638631,0.0,0.5,0.0,0.0,0.4472135954999579,0.3779644730092272,0.0,0.0,0.0,0.4472135954999579
republican,0.31622776601683794,0.3333333333333333,0.5773502691896258,0.0,0.0,1.0,0.0,0.0,0.5,0.0,0.4082482904638631,0.0,0.5,0.0,0.0,0.0,0.3779644730092272,0.4082482904638631,0.0,0.0,0.4472135954999579
democrat,0.0,0.3333333333333333,0.0,0.7071067811865475,0.0,0.0,0.3779644730092272,0.5,0.0,0.5,0.4082482904638631,0.0,0.5,0.0,0.0,0.4472135954999579,0.0,0.0,0.0,0.4472135954999579,0.0
republican,0.31622776601683794,0.3333333333333333,0.5773502691896258,0.0,0.0,1.0,0.3779644730092272,0.0,0.5,0.0,0.4082482904638631,0.0,0.0,0.0,0.5773502691896258,0.0,0.3779644730092272,0.4082482904638631,0.0,0.0,0.0
republican,0.31622776601683794,0.3333333333333333,0.5773502691896258,0.0,0.0,1.0,0.0,0.0,0.5,0.0,0.4082482904638631,0.0,0.0,0.7071067811865475,0.5773502691896258,0.0,0.3779644730092272,0.0,0.0,0.4472135954999579,0.0
democrat,0.31622776601683794,0.3333333333333333,0.0,0.7071067811865475,0.0,0.0,0.3779644730092272,0.5,0.0,0.5,0.4082482904638631,0.0,0.5,0.0,0.0,0.4472135954999579,0.3779644730092272,0.0,0.0,0.4472135954999579,0.0
democrat,0.0,0.3333333333333333,0.0,0.7071067811865475,0.0,0.0,0.0,0.5,0.0,0.0,0.0,0.5,0.0,0.7071067811865475,0.5773502691896258,0.0,0.0,0.0,0.5773502691896258,0.4472135954999579,0.0
republican,0.31622776601683794,0.3333333333333333,0.5773502691896258,0.0,0.0,1.0,0.0,0.0,0.5,0.0,0.4082482904638631,0.0,0.5,0.0,0.0,0.0,0.0,0.4082482904638631,0.0,0.4472135954999579,0.0
republican,0.31622776601683794,0.3333333333333333,0.5773502691896258,0.0,0.0,1.0,0.0,0.0,0.5,0.0,0.0,0.5,0.5,0.0,0.0,0.0,0.3779644730092272,0.4082482904638631,0.0,0.4472135954999579,0.0
democrat,0.0,0.0,0.0,0.7071067811865475,0.0,0.0,0.0,0.0,0.0,0.0,0.0,0.5,0.0,0.7071067811865475,0.0,0.0,0.0,0.4082482904638631,0.0,0.0,0.4472135954999579
democrat,0.0,0.0,0.0,0.7071067811865475,0.0,0.0,0.3779644730092272,0.5,0.0,0.5,0.4082482904638631,0.0,0.5,0.0,0.0,0.4472135954999579,0.3779644730092272,0.0,0.5773502691896258,0.0,0.4472135954999579
republican,0.31622776601683794,0.3333333333333333,0.5773502691896258,0.0,0.0,1.0,0.0,0.0,0.5,0.0,0.4082482904638631,0.0,0.5,0.0,0.5773502691896258,0.0,0.3779644730092272,0.4082482904638631,0.0,0.0,0.0
democrat,0.0,0.3333333333333333,0.0,0.7071067811865475,0.0,0.0,0.3779644730092272,0.5,0.0,0.5,0.4082482904638631,0.0,0.0,0.7071067811865475,0.0,0.4472135954999579,0.0,0.0,0.5773502691896258,0.0,0.4472135954999579
democrat,0.0,0.3333333333333333,0.0,0.7071067811865475,0.0,0.0,0.0,0.5,0.5,0.0,0.4082482904638631,0.0,0.0,0.7071067811865475,0.0,0.4472135954999579,0.0,0.0,0.5773502691896258,0.0,0.4472135954999579
democrat,0.0,0.3333333333333333,0.0,0.7071067811865475,0.0,0.0,0.3779644730092272,0.5,0.0,0.5,0.4082482904638631,0.0,0.5,0.0,0.0,0.4472135954999579,0.0,0.0,0.5773502691896258,0.0,0.4472135954999579
democrat,0.0,0.0,0.0,0.7071067811865475,0.0,0.0,0.3779644730092272,0.5,0.0,0.5,0.4082482904638631,0.0,0.5,0.0,0.5773502691896258,0.0,0.0,0.0,0.5773502691896258,0.0,0.4472135954999579
democrat,0.0,0.3333333333333333,0.0,0.7071067811865475,0.0,0.0,0.3779644730092272,0.5,0.0,0.5,0.4082482904638631,0.0,0.5,0.0,0.0,0.4472135954999579,0.0,0.0,0.5773502691896258,0.0,0.4472135954999579
democrat,0.0,0.0,0.0,0.7071067811865475,0.0,0.0,0.3779644730092272,0.5,0.0,0.5,0.4082482904638631,0.0,0.5,0.0,0.0,0.4472135954999579,0.0,0.0,0.5773502691896258,0.4472135954999579,0.0
democrat,0.0,0.0,0.0,0.7071067811865475,0.0,0.0,0.3779644730092272,0.5,0.0,0.5,0.0,0.5,0.5,0.0,0.0,0.4472135954999579,0.0,0.0,0.5773502691896258,0.0,0.4472135954999579
democrat,0.0,0.0,0.0,0.7071067811865475,0.0,0.0,0.3779644730092272,0.5,0.0,0.5,0.4082482904638631,0.0,0.0,0.7071067811865475,0.0,0.4472135954999579,0.0,0.0,0.5773502691896258,0.0,0.4472135954999579
democrat,0.0,0.3333333333333333,0.0,0.7071067811865475,0.0,0.0,0.3779644730092272,0.5,0.0,0.5,0.4082482904638631,0.0,0.0,0.7071067811865475,0.0,0.4472135954999579,0.0,0.0,0.5773502691896258,0.0,0.4472135954999579
republican,0.0,0.0,0.5773502691896258,0.0,0.0,1.0,0.3779644730092272,0.5,0.0,0.5,0.4082482904638631,0.0,0.5,0.0,0.0,0.0,0.3779644730092272,0.4082482904638631,0.0,0.0,0.4472135954999579
democrat,0.0,0.3333333333333333,0.0,0.7071067811865475,0.0,0.0,0.3779644730092272,0.5,0.0,0.5,0.4082482904638631,0.0,0.0,0.7071067811865475,0.0,0.4472135954999579,0.0,0.0,0.5773502691896258,0.0,0.4472135954999579
republican,0.31622776601683794,0.3333333333333333,0.5773502691896258,0.0,0.0,1.0,0.0,0.0,0.5,0.0,0.4082482904638631,0.0,0.5,0.0,0.0,0.0,0.3779644730092272,0.4082482904638631,0.0,0.0,0.0
democrat,0.0,0.3333333333333333,0.0,0.7071067811865475,0.0,0.0,0.3779644730092272,0.5,0.0,0.5,0.4082482904638631,0.0,0.0,0.7071067811865475,0.0,0.4472135954999579,0.0,0.0,0.5773502691896258,0.4472135954999579,0.0
democrat,0.0,0.3333333333333333,0.0,0.7071067811865475,0.0,0.0,0.3779644730092272,0.5,0.0,0.5,0.0,0.5,0.5,0.0,0.0,0.4472135954999579,0.3779644730092272,0.0,0.5773502691896258,0.0,0.4472135954999579
republican,0.31622776601683794,0.3333333333333333,0.5773502691896258,0.0,0.0,1.0,0.0,0.0,0.5,0.0,0.4082482904638631,0.0,0.5,0.0,0.0,0.0,0.3779644730092272,0.4082482904638631,0.0,0.0,0.4472135954999579
democrat,0.0,0.3333333333333333,0.0,0.7071067811865475,0.0,0.0,0.3779644730092272,0.5,0.0,0.5,0.4082482904638631,0.0,0.5,0.0,0.0,0.4472135954999579,0.0,0.0,0.5773502691896258,0.0,0.4472135954999579
republican,0.31622776601683794,0.3333333333333333,0.5773502691896258,0.0,0.0,1.0,0.0,0.0,0.5,0.0,0.4082482904638631,0.0,0.5,0.0,0.0,0.0,0.3779644730092272,0.4082482904638631,0.0,0.0,0.0
republican,0.0,0.0,0.5773502691896258,0.0,0.0,1.0,0.0,0.0,0.5,0.0,0.0,0.5,0.5,0.0,0.0,0.0,0.0,0.4082482904638631,0.0,0.0,0.4472135954999579
republican,0.0,0.3333333333333333,0.5773502691896258,0.0,0.0,1.0,0.0,0.0,0.5,0.0,0.4082482904638631,0.0,0.5,0.0,0.0,0.4472135954999579,0.3779644730092272,0.4082482904638631,0.0,0.0,0.4472135954999579
republican,0.31622776601683794,0.3333333333333333,0.5773502691896258,0.0,0.0,1.0,0.0,0.0,0.5,0.0,0.0,0.5,0.5,0.0,0.0,0.0,0.3779644730092272,0.4082482904638631,0.0,0.0,0.0
democrat,0.0,0.0,0.0,0.7071067811865475,0.0,0.0,0.3779644730092272,0.5,0.0,0.5,0.0,0.5,0.0,0.7071067811865475,0.0,0.4472135954999579,0.3779644730092272,0.0,0.5773502691896258,0.0,0.4472135954999579
democrat,0.0,0.3333333333333333,0.0,0.7071067811865475,0.0,0.0,0.3779644730092272,0.5,0.0,0.5,0.4082482904638631,0.0,0.0,0.0,0.0,0.4472135954999579,0.0,0.4082482904638631,0.0,0.4472135954999579,0.0
democrat,0.0,0.3333333333333333,0.0,0.7071067811865475,0.0,0.0,0.3779644730092272,0.5,0.0,0.5,0.4082482904638631,0.0,0.5,0.0,0.0,0.4472135954999579,0.0,0.0,0.5773502691896258,0.4472135954999579,0.0
democrat,0.0,0.0,0.0,0.7071067811865475,0.0,0.0,0.3779644730092272,0.5,0.0,0.5,0.4082482904638631,0.0,0.5,0.0,0.0,0.4472135954999579,0.0,0.4082482904638631,0.0,0.0,0.4472135954999579
democrat,0.0,0.0,0.0,0.7071067811865475,0.0,0.0,0.3779644730092272,0.5,0.0,0.5,0.4082482904638631,0.0,0.5,0.0,0.0,0.4472135954999579,0.0,0.0,0.5773502691896258,0.0,0.4472135954999579
democrat,0.0,0.3333333333333333,0.0,0.7071067811865475,0.0,0.0,0.3779644730092272,0.5,0.0,0.5,0.4082482904638631,0.0,0.0,0.7071067811865475,0.0,0.4472135954999579,0.0,0.4082482904638631,0.0,0.4472135954999579,0.0
democrat,0.0,0.3333333333333333,0.0,0.7071067811865475,0.0,0.0,0.3779644730092272,0.5,0.0,0.0,0.4082482904638631,0.0,0.0,0.7071067811865475,0.0,0.4472135954999579,0.0,0.0,0.5773502691896258,0.4472135954999579,0.0
democrat,0.0,0.3333333333333333,0.0,0.7071067811865475,0.0,0.0,0.3779644730092272,0.5,0.0,0.5,0.4082482904638631,0.0,0.5,0.0,0.0,0.4472135954999579,0.0,0.4082482904638631,0.0,0.0,0.4472135954999579
democrat,0.0,0.0,0.0,0.7071067811865475,0.0,0.0,0.3779644730092272,0.5,0.0,0.0,0.4082482904638631,0.0,0.5,0.0,0.0,0.4472135954999579,0.0,0.4082482904638631,0.0,0.4472135954999579,0.0
democrat,0.0,0.3333333333333333,0.0,0.7071067811865475,0.0,0.0,0.3779644730092272,0.5,0.5,0.0,0.4082482904638631,0.0,0.5,0.0,0.0,0.4472135954999579,0.0,0.4082482904638631,0.0,0.0,0.4472135954999579
republican,0.31622776601683794,0.0,0.5773502691896258,0.0,0.0,1.0,0.0,0.0,0.5,0.0,0.4082482904638631,0.0,0.5,0.0,0.0,0.0,0.3779644730092272,0.4082482904638631,0.0,0.0,0.0
democrat,0.0,0.3333333333333333,0.0,0.7071067811865475,0.0,0.0,0.3779644730092272,0.5,0.0,0.5,0.4082482904638631,0.0,0.0,0.7071067811865475,0.0,0.4472135954999579,0.0,0.0,0.5773502691896258,0.0,0.4472135954999579
republican,0.31622776601683794,0.3333333333333333,0.5773502691896258,0.0,0.0,1.0,0.0,0.0,0.5,0.0,0.4082482904638631,0.0,0.5,0.0,0.0,0.0,0.3779644730092272,0.4082482904638631,0.0,0.0,0.4472135954999579
democrat,0.0,0.3333333333333333,0.0,0.7071067811865475,0.0,0.0,0.3779644730092272,0.5,0.0,0.5,0.4082482904638631,0.0,0.5,0.0,0.0,0.4472135954999579,0.0,0.0,0.0,0.4472135954999579,0.0
republican,0.0,0.3333333333333333,0.5773502691896258,0.0,0.0,1.0,0.0,0.0,0.5,0.0,0.0,0.5,0.5,0.0,0.0,0.0,0.3779644730092272,0.4082482904638631,0.0,0.0,0.0
democrat,0.0,0.3333333333333333,0.0,0.7071067811865475,0.0,0.0,0.0,0.0,0.5,0.0,0.4082482904638631,0.0,0.0,0.7071067811865475,0.0,0.0,0.0,0.4082482904638631,0.0,0.4472135954999579,0.0
republican,0.31622776601683794,0.3333333333333333,0.5773502691896258,0.0,0.0,1.0,0.0,0.0,0.5,0.0,0.0,0.5,0.0,0.7071067811865475,0.0,0.0,0.3779644730092272,0.4082482904638631,0.0,0.0,0.0
republican,0.31622776601683794,0.3333333333333333,0.5773502691896258,0.0,0.0,1.0,0.0,0.0,0.5,0.0,0.0,0.5,0.0,0.7071067811865475,0.0,0.0,0.3779644730092272,0.4082482904638631,0.0,0.0,0.4472135954999579
republican,0.31622776601683794,0.3333333333333333,0.5773502691896258,0.0,0.0,1.0,0.0,0.0,0.5,0.0,0.0,0.5,0.5,0.0,0.0,0.0,0.3779644730092272,0.4082482904638631,0.0,0.0,0.4472135954999579
republican,0.31622776601683794,0.3333333333333333,0.5773502691896258,0.0,0.0,1.0,0.0,0.0,0.5,0.0,0.0,0.5,0.5,0.0,0.0,0.0,0.3779644730092272,0.4082482904638631,0.0,0.0,0.4472135954999579
republican,0.31622776601683794,0.3333333333333333,0.5773502691896258,0.0,0.0,1.0,0.0,0.0,0.5,0.0,0.0,0.5,0.5,0.0,0.0,0.0,0.3779644730092272,0.4082482904638631,0.0,0.4472135954999579,0.0
democrat,0.0,0.3333333333333333,0.0,0.7071067811865475,0.0,0.0,0.0,0.5,0.0,0.5,0.0,0.5,0.5,0.0,0.0,0.4472135954999579,0.0,0.0,0.5773502691896258,0.4472135954999579,0.0
republican,0.31622776601683794,0.3333333333333333,0.5773502691896258,0.0,0.0,1.0,0.0,0.0,0.5,0.0,0.4082482904638631,0.0,0.5,0.0,0.0,0.0,0.3779644730092272,0.4082482904638631,0.0,0.0,0.0
democrat,0.0,0.3333333333333333,0.0,0.7071067811865475,0.0,0.0,0.3779644730092272,0.5,0.0,0.5,0.4082482904638631,0.0,0.5,0.0,0.0,0.4472135954999579,0.0,0.4082482904638631,0.0,0.4472135954999579,0.0
democrat,0.0,0.3333333333333333,0.0,0.7071067811865475,0.0,0.0,0.3779644730092272,0.5,0.0,0.5,0.4082482904638631,0.0,0.0,0.7071067811865475,0.0,0.4472135954999579,0.0,0.4082482904638631,0.0,0.0,0.4472135954999579
democrat,0.0,0.3333333333333333,0.0,0.7071067811865475,0.0,0.0,0.3779644730092272,0.5,0.0,0.5,0.4082482904638631,0.0,0.0,0.7071067811865475,0.5773502691896258,0.0,0.0,0.4082482904638631,0.0,0.0,0.4472135954999579
republican,0.0,0.3333333333333333,0.5773502691896258,0.0,0.0,1.0,0.0,0.5,0.5,0.0,0.4082482904638631,0.0,0.5,0.0,0.0,0.0,0.3779644730092272,0.4082482904638631,0.0,0.0,0.4472135954999579
republican,0.31622776601683794,0.3333333333333333,0.5773502691896258,0.0,0.0,1.0,0.0,0.5,0.5,0.0,0.4082482904638631,0.0,0.0,0.7071067811865475,0.0,0.0,0.3779644730092272,0.4082482904638631,0.0,0.0,0.4472135954999579
republican,0.31622776601683794,0.3333333333333333,0.5773502691896258,0.0,0.0,1.0,0.0,0.0,0.5,0.0,0.0,0.5,0.5,0.0,0.0,0.0,0.3779644730092272,0.4082482904638631,0.0,0.0,0.0
democrat,0.0,0.0,0.0,0.7071067811865475,0.0,0.0,0.3779644730092272,0.5,0.0,0.5,0.4082482904638631,0.0,0.5,0.0,0.0,0.4472135954999579,0.3779644730092272,0.0,0.5773502691896258,0.0,0.4472135954999579
democrat,0.0,0.3333333333333333,0.0,0.7071067811865475,0.0,0.0,0.3779644730092272,0.5,0.0,0.5,0.4082482904638631,0.0,0.5,0.0,0.0,0.4472135954999579,0.0,0.0,0.5773502691896258,0.0,0.4472135954999579
democrat,0.0,0.0,0.0,0.7071067811865475,0.0,0.0,0.3779644730092272,0.5,0.0,0.5,0.4082482904638631,0.0,0.5,0.0,0.0,0.4472135954999579,0.3779644730092272,0.0,0.5773502691896258,0.4472135954999579,0.0
republican,0.0,0.3333333333333333,0.0,0.7071067811865475,0.0,1.0,0.3779644730092272,0.5,0.0,0.5,0.0,0.5,0.0,0.7071067811865475,0.0,0.4472135954999579,0.0,0.4082482904638631,0.0,0.0,0.4472135954999579
democrat,0.0,0.3333333333333333,0.0,0.7071067811865475,0.0,0.0,0.3779644730092272,0.5,0.0,0.5,0.4082482904638631,0.0,0.0,0.7071067811865475,0.0,0.4472135954999579,0.0,0.0,0.5773502691896258,0.4472135954999579,0.0
republican,0.0,0.0,0.0,0.7071067811865475,0.0,1.0,0.3779644730092272,0.5,0.0,0.5,0.0,0.5,0.5,0.0,0.0,0.4472135954999579,0.3779644730092272,0.4082482904638631,0.0,0.0,0.4472135954999579
democrat,0.0,0.0,0.0,0.7071067811865475,0.0,0.0,0.0,0.5,0.0,0.5,0.0,0.5,0.0,0.7071067811865475,0.0,0.4472135954999579,0.0,0.0,0.5773502691896258,0.0,0.4472135954999579
democrat,0.31622776601683794,0.3333333333333333,0.0,0.7071067811865475,0.0,1.0,0.0,0.0,0.5,0.0,0.0,0.5,0.0,0.7071067811865475,0.0,0.4472135954999579,0.3779644730092272,0.4082482904638631,0.0,0.0,0.0
democrat,0.31622776601683794,0.3333333333333333,0.0,0.7071067811865475,0.0,0.0,0.0,0.0,0.5,0.0,0.0,0.5,0.0,0.7071067811865475,0.0,0.0,0.3779644730092272,0.4082482904638631,0.0,0.4472135954999579,0.0
democrat,0.31622776601683794,0.3333333333333333,0.0,0.7071067811865475,0.0,1.0,0.0,0.0,0.0,0.5,0.0,0.5,0.0,0.7071067811865475,0.0,0.0,0.3779644730092272,0.4082482904638631,0.0,0.0,0.4472135954999579
democrat,0.0,0.3333333333333333,0.0,0.7071067811865475,0.0,0.0,0.0,0.0,0.5,0.0,0.0,0.5,0.0,0.7071067811865475,0.0,0.4472135954999579,0.3779644730092272,0.4082482904638631,0.0,0.0,0.4472135954999579
republican,0.31622776601683794,0.0,0.5773502691896258,0.0,0.0,1.0,0.3779644730092272,0.0,0.5,0.0,0.0,0.5,0.5,0.0,0.0,0.0,0.3779644730092272,0.4082482904638631,0.0,0.0,0.0
democrat,0.0,0.0,0.0,0.7071067811865475,0.0,0.0,0.0,0.5,0.0,0.5,0.0,0.5,0.5,0.0,0.0,0.0,0.0,0.4082482904638631,0.0,0.4472135954999579,0.0
democrat,0.0,0.0,0.0,0.7071067811865475,0.0,0.0,0.3779644730092272,0.5,0.0,0.0,0.0,0.5,0.0,0.7071067811865475,0.0,0.0,0.0,0.4082482904638631,0.0,0.0,0.4472135954999579
republican,0.31622776601683794,0.0,0.5773502691896258,0.0,0.0,1.0,0.0,0.0,0.5,0.0,0.0,0.5,0.5,0.0,0.0,0.0,0.3779644730092272,0.4082482904638631,0.0,0.0,0.4472135954999579
republican,0.31622776601683794,0.0,0.5773502691896258,0.0,0.0,1.0,0.0,0.0,0.5,0.0,0.4082482904638631,0.0,0.5,0.0,0.0,0.0,0.3779644730092272,0.4082482904638631,0.0,0.0,0.0
republican,0.31622776601683794,0.0,0.5773502691896258,0.0,0.0,1.0,0.0,0.0,0.5,0.0,0.0,0.5,0.5,0.0,0.0,0.0,0.3779644730092272,0.4082482904638631,0.0,0.0,0.0
democrat,0.31622776601683794,0.0,0.0,0.7071067811865475,0.0,0.0,0.0,0.0,0.5,0.0,0.0,0.5,0.0,0.7071067811865475,0.0,0.0,0.3779644730092272,0.4082482904638631,0.0,0.0,0.4472135954999579
republican,0.31622776601683794,0.0,0.5773502691896258,0.0,0.0,1.0,0.0,0.0,0.5,0.0,0.0,0.5,0.5,0.0,0.0,0.0,0.3779644730092272,0.4082482904638631,0.0,0.0,0.0
republican,0.31622776601683794,0.0,0.5773502691896258,0.0,0.0,1.0,0.0,0.0,0.5,0.0,0.4082482904638631,0.0,0.5,0.0,0.0,0.0,0.3779644730092272,0.4082482904638631,0.0,0.0,0.0
democrat,0.31622776601683794,0.3333333333333333,0.0,0.7071067811865475,0.0,0.0,0.0,0.5,0.0,0.5,0.0,0.5,0.0,0.7071067811865475,0.0,0.4472135954999579,0.3779644730092272,0.4082482904638631,0.0,0.0,0.4472135954999579
republican,0.31622776601683794,0.0,0.5773502691896258,0.0,0.0,1.0,0.0,0.0,0.5,0.0,0.0,0.5,0.5,0.0,0.5773502691896258,0.0,0.3779644730092272,0.4082482904638631,0.0,0.4472135954999579,0.0
democrat,0.0,0.0,0.0,0.7071067811865475,0.0,0.0,0.3779644730092272,0.5,0.0,0.5,0.0,0.5,0.5,0.0,0.0,0.4472135954999579,0.0,0.0,0.5773502691896258,0.0,0.4472135954999579
democrat,0.0,0.0,0.0,0.7071067811865475,0.0,0.0,0.3779644730092272,0.5,0.0,0.5,0.0,0.5,0.0,0.7071067811865475,0.0,0.4472135954999579,0.0,0.0,0.5773502691896258,0.0,0.4472135954999579
democrat,0.0,0.3333333333333333,0.0,0.7071067811865475,0.0,0.0,0.3779644730092272,0.5,0.5,0.0,0.0,0.5,0.0,0.7071067811865475,0.0,0.4472135954999579,0.0,0.0,0.5773502691896258,0.0,0.4472135954999579
democrat,0.0,0.0,0.0,0.7071067811865475,0.0,0.0,0.3779644730092272,0.5,0.0,0.5,0.0,0.5,0.0,0.7071067811865475,0.0,0.4472135954999579,0.0,0.0,0.5773502691896258,0.0,0.4472135954999579
democrat,0.0,0.0,0.0,0.7071067811865475,0.0,0.0,0.0,0.0,0.5,0.0,0.4082482904638631,0.0,0.5,0.0,0.0,0.4472135954999579,0.0,0.4082482904638631,0.0,0.0,0.4472135954999579
democrat,0.0,0.0,0.0,0.7071067811865475,0.0,0.0,0.0,0.0,0.0,0.0,0.4082482904638631,0.0,0.0,0.7071067811865475,0.5773502691896258,0.0,0.0,0.0,0.5773502691896258,0.0,0.4472135954999579
democrat,0.31622776601683794,0.0,0.0,0.0,0.0,0.0,0.0,0.0,0.5,0.0,0.4082482904638631,0.0,0.0,0.7071067811865475,0.0,0.0,0.3779644730092272,0.4082482904638631,0.0,0.0,0.4472135954999579
democrat,0.0,0.0,0.5773502691896258,0.0,0.0,0.0,0.0,0.5,0.5,0.0,0.0,0.5,0.0,0.7071067811865475,0.0,0.4472135954999579,0.0,0.4082482904638631,0.0,0.0,0.4472135954999579
democrat,0.0,0.3333333333333333,0.0,0.7071067811865475,0.0,0.0,0.0,0.5,0.0,0.5,0.0,0.5,0.5,0.0,0.0,0.4472135954999579,0.0,0.4082482904638631,0.0,0.0,0.4472135954999579
republican,0.31622776601683794,0.0,0.5773502691896258,0.0,0.0,1.0,0.0,0.0,0.5,0.0,0.0,0.5,0.0,0.0,0.0,0.0,0.3779644730092272,0.4082482904638631,0.0,0.0,0.0
democrat,0.0,0.0,0.5773502691896258,0.0,0.0,0.0,0.0,0.0,0.5,0.0,0.4082482904638631,0.0,0.0,0.7071067811865475,0.0,0.0,0.0,0.4082482904638631,0.0,0.0,0.4472135954999579
democrat,0.0,0.0,0.0,0.7071067811865475,0.0,0.0,0.0,0.5,0.5,0.0,0.4082482904638631,0.0,0.0,0.7071067811865475,0.0,0.4472135954999579,0.0,0.4082482904638631,0.0,0.0,0.4472135954999579
democrat,0.0,0.0,0.0,0.7071067811865475,0.0,0.0,0.0,0.5,0.0,0.0,0.4082482904638631,0.0,0.0,0.7071067811865475,0.0,0.4472135954999579,0.3779644730092272,0.0,0.5773502691896258,0.4472135954999579,0.0
democrat,0.0,0.0,0.5773502691896258,0.0,0.0,0.0,0.0,0.0,0.0,0.0,0.4082482904638631,0.0,0.5,0.0,0.0,0.4472135954999579,0.0,0.0,0.0,0.0,0.0
democrat,0.0,0.0,0.0,0.0,0.4472135954999579,0.0,0.0,0.5,0.0,0.5,0.0,0.5,0.0,0.0,0.0,0.4472135954999579,0.3779644730092272,0.4082482904638631,0.0,0.4472135954999579,0.0
democrat,0.0,0.3333333333333333,0.0,0.7071067811865475,0.0,0.0,0.3779644730092272,0.0,0.0,0.5,0.4082482904638631,0.0,0.0,0.7071067811865475,0.0,0.4472135954999579,0.0,0.0,0.5773502691896258,0.0,0.4472135954999579
republican,0.31622776601683794,0.3333333333333333,0.5773502691896258,0.0,0.0,1.0,0.0,0.0,0.5,0.0,0.4082482904638631,0.0,0.5,0.0,0.0,0.0,0.3779644730092272,0.4082482904638631,0.0,0.0,0.4472135954999579
republican,0.31622776601683794,0.0,0.0,0.0,0.4472135954999579,0.0,0.0,0.0,0.0,0.0,0.0,0.0,0.0,0.0,0.5773502691896258,0.0,0.0,0.0,0.0,0.4472135954999579,0.0
democrat,0.0,0.0,0.0,0.7071067811865475,0.0,0.0,0.3779644730092272,0.5,0.0,0.5,0.4082482904638631,0.0,0.5,0.0,0.0,0.4472135954999579,0.0,0.0,0.5773502691896258,0.4472135954999579,0.0
democrat,0.0,0.0,0.0,0.7071067811865475,0.0,0.0,0.3779644730092272,0.5,0.0,0.5,0.4082482904638631,0.0,0.5,0.0,0.0,0.4472135954999579,0.0,0.0,0.5773502691896258,0.4472135954999579,0.0
democrat,0.31622776601683794,0.0,0.0,0.7071067811865475,0.0,0.0,0.3779644730092272,0.5,0.0,0.5,0.0,0.5,0.5,0.0,0.0,0.4472135954999579,0.0,0.0,0.5773502691896258,0.0,0.4472135954999579
republican,0.31622776601683794,0.0,0.5773502691896258,0.0,0.0,1.0,0.0,0.0,0.5,0.0,0.0,0.5,0.5,0.0,0.0,0.0,0.3779644730092272,0.4082482904638631,0.0,0.0,0.4472135954999579
democrat,0.31622776601683794,0.0,0.0,0.7071067811865475,0.0,0.0,0.0,0.5,0.5,0.0,0.0,0.5,0.5,0.0,0.0,0.4472135954999579,0.0,0.0,0.5773502691896258,0.4472135954999579,0.0
republican,0.31622776601683794,0.0,0.5773502691896258,0.0,0.0,1.0,0.0,0.0,0.5,0.0,0.0,0.5,0.5,0.0,0.0,0.0,0.3779644730092272,0.4082482904638631,0.0,0.0,0.0
democrat,0.0,0.0,0.0,0.7071067811865475,0.0,0.0,0.3779644730092272,0.5,0.0,0.5,0.4082482904638631,0.0,0.5,0.0,0.0,0.4472135954999579,0.0,0.0,0.5773502691896258,0.4472135954999579,0.0
democrat,0.31622776601683794,0.0,0.0,0.7071067811865475,0.0,0.0,0.0,0.5,0.0,0.5,0.0,0.5,0.0,0.0,0.5773502691896258,0.0,0.0,0.0,0.5773502691896258,0.0,0.4472135954999579
democrat,0.0,0.0,0.0,0.7071067811865475,0.0,0.0,0.3779644730092272,0.5,0.0,0.5,0.4082482904638631,0.0,0.0,0.7071067811865475,0.0,0.4472135954999579,0.0,0.0,0.5773502691896258,0.0,0.4472135954999579
republican,0.0,0.3333333333333333,0.0,0.7071067811865475,0.0,1.0,0.3779644730092272,0.5,0.5,0.0,0.4082482904638631,0.0,0.5,0.0,0.0,0.0,0.3779644730092272,0.4082482904638631,0.0,0.0,0.4472135954999579
democrat,0.31622776601683794,0.3333333333333333,0.0,0.7071067811865475,0.0,0.0,0.3779644730092272,0.0,0.0,0.5,0.0,0.5,0.0,0.7071067811865475,0.0,0.4472135954999579,0.0,0.0,0.5773502691896258,0.0,0.4472135954999579
republican,0.31622776601683794,0.0,0.5773502691896258,0.0,0.0,1.0,0.0,0.0,0.5,0.0,0.4082482904638631,0.0,0.5,0.0,0.0,0.0,0.3779644730092272,0.4082482904638631,0.0,0.0,0.0
republican,0.31622776601683794,0.0,0.0,0.0,0.0,1.0,0.0,0.0,0.5,0.0,0.0,0.5,0.5,0.0,0.0,0.0,0.3779644730092272,0.0,0.0,0.0,0.4472135954999579
republican,0.31622776601683794,0.0,0.5773502691896258,0.0,0.0,1.0,0.0,0.0,0.5,0.0,0.0,0.5,0.5,0.0,0.0,0.0,0.3779644730092272,0.4082482904638631,0.0,0.0,0.4472135954999579
republican,0.31622776601683794,0.0,0.5773502691896258,0.0,0.0,1.0,0.0,0.0,0.5,0.0,0.0,0.5,0.5,0.0,0.0,0.0,0.0,0.4082482904638631,0.0,0.0,0.4472135954999579
republican,0.0,0.0,0.5773502691896258,0.0,0.0,1.0,0.0,0.0,0.5,0.0,0.4082482904638631,0.0,0.5,0.0,0.0,0.0,0.3779644730092272,0.4082482904638631,0.0,0.0,0.4472135954999579
democrat,0.31622776601683794,0.0,0.0,0.7071067811865475,0.0,0.0,0.3779644730092272,0.5,0.0,0.5,0.4082482904638631,0.0,0.5,0.0,0.0,0.4472135954999579,0.0,0.0,0.5773502691896258,0.0,0.4472135954999579
republican,0.31622776601683794,0.0,0.5773502691896258,0.0,0.0,1.0,0.0,0.0,0.5,0.0,0.0,0.5,0.5,0.0,0.0,0.0,0.3779644730092272,0.4082482904638631,0.0,0.0,0.4472135954999579
republican,0.31622776601683794,0.0,0.5773502691896258,0.0,0.0,1.0,0.0,0.0,0.5,0.0,0.4082482904638631,0.0,0.5,0.0,0.0,0.0,0.3779644730092272,0.4082482904638631,0.0,0.0,0.0
democrat,0.31622776601683794,0.0,0.0,0.7071067811865475,0.0,0.0,0.3779644730092272,0.5,0.0,0.5,0.0,0.5,0.0,0.7071067811865475,0.0,0.4472135954999579,0.0,0.0,0.5773502691896258,0.0,0.4472135954999579
democrat,0.31622776601683794,0.0,0.0,0.7071067811865475,0.0,0.0,0.0,0.0,0.5,0.0,0.0,0.5,0.0,0.7071067811865475,0.0,0.4472135954999579,0.0,0.0,0.5773502691896258,0.0,0.4472135954999579
democrat,0.0,0.0,0.0,0.7071067811865475,0.0,0.0,0.3779644730092272,0.5,0.0,0.0,0.4082482904638631,0.0,0.0,0.0,0.5773502691896258,0.0,0.0,0.0,0.0,0.4472135954999579,0.0
democrat,0.0,0.0,0.0,0.7071067811865475,0.0,0.0,0.0,0.5,0.0,0.5,0.4082482904638631,0.0,0.5,0.0,0.0,0.4472135954999579,0.0,0.0,0.5773502691896258,0.4472135954999579,0.0
democrat,0.31622776601683794,0.0,0.0,0.7071067811865475,0.0,0.0,0.0,0.0,0.0,0.5,0.0,0.5,0.5,0.0,0.0,0.4472135954999579,0.0,0.4082482904638631,0.0,0.0,0.4472135954999579
republican,0.31622776601683794,0.0,0.5773502691896258,0.0,0.0,1.0,0.0,0.0,0.5,0.0,0.0,0.5,0.5,0.0,0.0,0.0,0.3779644730092272,0.4082482904638631,0.0,0.4472135954999579,0.0
republican,0.31622776601683794,0.0,0.5773502691896258,0.0,0.0,1.0,0.0,0.0,0.5,0.0,0.0,0.5,0.5,0.0,0.0,0.0,0.3779644730092272,0.4082482904638631,0.0,0.0,0.4472135954999579
republican,0.31622776601683794,0.0,0.5773502691896258,0.0,0.0,1.0,0.0,0.0,0.5,0.0,0.4082482904638631,0.0,0.5,0.0,0.0,0.0,0.3779644730092272,0.4082482904638631,0.0,0.4472135954999579,0.0
republican,0.31622776601683794,0.0,0.5773502691896258,0.0,0.0,1.0,0.0,0.0,0.5,0.0,0.0,0.5,0.5,0.0,0.0,0.0,0.3779644730092272,0.4082482904638631,0.0,0.0,0.0
republican,0.31622776601683794,0.3333333333333333,0.5773502691896258,0.0,0.0,1.0,0.0,0.0,0.5,0.0,0.0,0.5,0.0,0.7071067811865475,0.0,0.0,0.3779644730092272,0.4082482904638631,0.0,0.0,0.4472135954999579
democrat,0.31622776601683794,0.0,0.0,0.7071067811865475,0.0,0.0,0.0,0.5,0.0,0.5,0.0,0.5,0.5,0.0,0.0,0.4472135954999579,0.0,0.0,0.5773502691896258,0.0,0.4472135954999579
democrat,0.31622776601683794,0.0,0.0,0.7071067811865475,0.0,0.0,0.0,0.5,0.0,0.5,0.0,0.5,0.5,0.0,0.0,0.4472135954999579,0.0,0.4082482904638631,0.0,0.0,0.4472135954999579
democrat,0.0,0.0,0.0,0.7071067811865475,0.0,0.0,0.0,0.5,0.0,0.5,0.4082482904638631,0.0,0.5,0.0,0.0,0.4472135954999579,0.0,0.0,0.5773502691896258,0.0,0.4472135954999579
republican,0.31622776601683794,0.0,0.5773502691896258,0.0,0.0,1.0,0.3779644730092272,0.5,0.0,0.5,0.0,0.5,0.5,0.0,0.0,0.4472135954999579,0.3779644730092272,0.4082482904638631,0.0,0.0,0.4472135954999579
republican,0.31622776601683794,0.0,0.5773502691896258,0.0,0.0,1.0,0.0,0.5,0.0,0.5,0.0,0.5,0.5,0.0,0.0,0.0,0.3779644730092272,0.0,0.0,0.0,0.4472135954999579
republican,0.31622776601683794,0.0,0.5773502691896258,0.0,0.0,1.0,0.0,0.5,0.0,0.5,0.0,0.5,0.5,0.0,0.0,0.0,0.3779644730092272,0.4082482904638631,0.0,0.0,0.4472135954999579
democrat,0.0,0.3333333333333333,0.5773502691896258,0.0,0.0,0.0,0.3779644730092272,0.5,0.0,0.5,0.0,0.5,0.0,0.7071067811865475,0.0,0.4472135954999579,0.0,0.0,0.5773502691896258,0.0,0.4472135954999579
democrat,0.31622776601683794,0.0,0.5773502691896258,0.0,0.0,0.0,0.0,0.5,0.0,0.5,0.0,0.5,0.5,0.0,0.0,0.4472135954999579,0.0,0.4082482904638631,0.0,0.4472135954999579,0.0
democrat,0.31622776601683794,0.0,0.0,0.7071067811865475,0.0,0.0,0.0,0.5,0.0,0.5,0.0,0.5,0.5,0.0,0.0,0.4472135954999579,0.0,0.0,0.0,0.0,0.4472135954999579
republican,0.31622776601683794,0.3333333333333333,0.5773502691896258,0.0,0.0,1.0,0.0,0.0,0.5,0.0,0.4082482904638631,0.0,0.5,0.0,0.0,0.0,0.3779644730092272,0.4082482904638631,0.0,0.0,0.4472135954999579
democrat,0.31622776601683794,0.0,0.5773502691896258,0.0,0.0,0.0,0.3779644730092272,0.5,0.0,0.5,0.0,0.5,0.5,0.0,0.0,0.0,0.3779644730092272,0.0,0.5773502691896258,0.0,0.4472135954999579
republican,0.31622776601683794,0.3333333333333333,0.5773502691896258,0.0,0.0,1.0,0.0,0.0,0.5,0.0,0.0,0.5,0.0,0.7071067811865475,0.0,0.0,0.3779644730092272,0.4082482904638631,0.0,0.0,0.4472135954999579
democrat,0.31622776601683794,0.0,0.0,0.7071067811865475,0.0,0.0,0.3779644730092272,0.5,0.0,0.5,0.0,0.5,0.5,0.0,0.0,0.4472135954999579,0.3779644730092272,0.0,0.5773502691896258,0.0,0.4472135954999579
republican,0.0,0.3333333333333333,0.5773502691896258,0.0,0.0,1.0,0.0,0.0,0.5,0.0,0.0,0.5,0.5,0.0,0.0,0.0,0.3779644730092272,0.4082482904638631,0.0,0.0,0.4472135954999579
democrat,0.0,0.3333333333333333,0.0,0.0,0.0,1.0,0.0,0.0,0.0,0.5,0.4082482904638631,0.0,0.0,0.7071067811865475,0.5773502691896258,0.0,0.3779644730092272,0.4082482904638631,0.0,0.0,0.0
democrat,0.31622776601683794,0.3333333333333333,0.0,0.7071067811865475,0.0,0.0,0.0,0.0,0.0,0.5,0.0,0.5,0.0,0.7071067811865475,0.0,0.4472135954999579,0.3779644730092272,0.0,0.5773502691896258,0.0,0.4472135954999579
democrat,0.31622776601683794,0.0,0.0,0.7071067811865475,0.0,0.0,0.0,0.5,0.0,0.5,0.0,0.5,0.0,0.7071067811865475,0.0,0.4472135954999579,0.3779644730092272,0.4082482904638631,0.0,0.0,0.4472135954999579
republican,0.31622776601683794,0.3333333333333333,0.5773502691896258,0.0,0.0,1.0,0.0,0.0,0.5,0.0,0.4082482904638631,0.0,0.5,0.0,0.0,0.0,0.3779644730092272,0.4082482904638631,0.0,0.0,0.0
republican,0.0,0.3333333333333333,0.5773502691896258,0.0,0.0,1.0,0.0,0.0,0.5,0.0,0.4082482904638631,0.0,0.0,0.7071067811865475,0.0,0.0,0.3779644730092272,0.4082482904638631,0.0,0.0,0.0
republican,0.0,0.3333333333333333,0.5773502691896258,0.0,0.0,1.0,0.0,0.5,0.5,0.0,0.4082482904638631,0.0,0.5,0.0,0.0,0.0,0.3779644730092272,0.4082482904638631,0.0,0.0,0.0
democrat,0.31622776601683794,0.3333333333333333,0.0,0.7071067811865475,0.0,0.0,0.0,0.0,0.0,0.5,0.4082482904638631,0.0,0.0,0.7071067811865475,0.0,0.4472135954999579,0.0,0.0,0.0,0.4472135954999579,0.0
republican,0.31622776601683794,0.3333333333333333,0.5773502691896258,0.0,0.0,1.0,0.0,0.0,0.5,0.0,0.0,0.5,0.5,0.0,0.0,0.0,0.3779644730092272,0.4082482904638631,0.0,0.0,0.0
democrat,0.31622776601683794,0.3333333333333333,0.0,0.7071067811865475,0.0,0.0,0.0,0.5,0.0,0.5,0.0,0.5,0.0,0.7071067811865475,0.0,0.4472135954999579,0.0,0.4082482904638631,0.0,0.4472135954999579,0.0
democrat,0.31622776601683794,0.3333333333333333,0.5773502691896258,0.0,0.0,0.0,0.0,0.0,0.5,0.0,0.4082482904638631,0.0,0.5,0.0,0.0,0.0,0.3779644730092272,0.0,0.5773502691896258,0.0,0.4472135954999579
democrat,0.31622776601683794,0.0,0.5773502691896258,0.0,0.0,0.0,0.0,0.5,0.5,0.0,0.4082482904638631,0.0,0.5,0.0,0.0,0.0,0.3779644730092272,0.4082482904638631,0.0,0.0,0.4472135954999579
democrat,0.31622776601683794,0.3333333333333333,0.0,0.7071067811865475,0.0,0.0,0.0,0.5,0.5,0.0,0.4082482904638631,0.0,0.0,0.7071067811865475,0.0,0.0,0.3779644730092272,0.4082482904638631,0.0,0.0,0.4472135954999579
republican,0.31622776601683794,0.3333333333333333,0.5773502691896258,0.0,0.0,1.0,0.0,0.5,0.5,0.0,0.4082482904638631,0.0,0.5,0.0,0.0,0.0,0.3779644730092272,0.4082482904638631,0.0,0.0,0.4472135954999579
democrat,0.0,0.3333333333333333,0.5773502691896258,0.0,0.0,0.0,0.0,0.0,0.5,0.0,0.0,0.5,0.0,0.7071067811865475,0.0,0.0,0.3779644730092272,0.4082482904638631,0.0,0.4472135954999579,0.0
democrat,0.31622776601683794,0.3333333333333333,0.0,0.7071067811865475,0.0,0.0,0.0,0.5,0.0,0.5,0.0,0.5,0.0,0.7071067811865475,0.0,0.4472135954999579,0.3779644730092272,0.0,0.5773502691896258,0.4472135954999579,0.0
republican,0.0,0.0,0.0,0.7071067811865475,0.0,1.0,0.0,0.5,0.5,0.0,0.0,0.5,0.5,0.0,0.0,0.0,0.0,0.0,0.5773502691896258,0.0,0.4472135954999579
republican,0.0,0.0,0.0,0.7071067811865475,0.0,1.0,0.0,0.5,0.5,0.0,0.0,0.5,0.0,0.7071067811865475,0.0,0.0,0.0,0.0,0.5773502691896258,0.0,0.4472135954999579
democrat,0.0,0.0,0.0,0.7071067811865475,0.0,0.0,0.3779644730092272,0.5,0.0,0.5,0.0,0.5,0.0,0.7071067811865475,0.0,0.4472135954999579,0.0,0.4082482904638631,0.0,0.0,0.4472135954999579
democrat,0.0,0.0,0.0,0.7071067811865475,0.0,0.0,0.3779644730092272,0.0,0.0,0.5,0.0,0.0,0.5,0.0,0.0,0.4472135954999579,0.0,0.0,0.5773502691896258,0.4472135954999579,0.0
republican,0.31622776601683794,0.0,0.5773502691896258,0.0,0.0,1.0,0.0,0.0,0.5,0.0,0.0,0.5,0.5,0.0,0.0,0.0,0.3779644730092272,0.4082482904638631,0.0,0.0,0.4472135954999579
democrat,0.31622776601683794,0.3333333333333333,0.0,0.7071067811865475,0.0,0.0,0.3779644730092272,0.5,0.0,0.5,0.0,0.5,0.5,0.0,0.0,0.4472135954999579,0.0,0.0,0.5773502691896258,0.0,0.4472135954999579
democrat,0.31622776601683794,0.0,0.5773502691896258,0.0,0.0,0.0,0.0,0.0,0.5,0.0,0.0,0.5,0.0,0.7071067811865475,0.0,0.0,0.3779644730092272,0.4082482904638631,0.0,0.0,0.4472135954999579
democrat,0.0,0.0,0.0,0.7071067811865475,0.0,0.0,0.3779644730092272,0.5,0.0,0.5,0.4082482904638631,0.0,0.5,0.0,0.0,0.4472135954999579,0.0,0.0,0.5773502691896258,0.4472135954999579,0.0
democrat,0.31622776601683794,0.3333333333333333,0.0,0.7071067811865475,0.0,0.0,0.3779644730092272,0.5,0.0,0.5,0.0,0.5,0.5,0.0,0.0,0.4472135954999579,0.0,0.0,0.5773502691896258,0.0,0.4472135954999579
republican,0.31622776601683794,0.0,0.0,0.7071067811865475,0.0,1.0,0.3779644730092272,0.5,0.0,0.5,0.0,0.5,0.5,0.0,0.0,0.4472135954999579,0.0,0.0,0.5773502691896258,0.0,0.4472135954999579
democrat,0.31622776601683794,0.0,0.0,0.7071067811865475,0.0,0.0,0.3779644730092272,0.5,0.0,0.5,0.0,0.5,0.0,0.7071067811865475,0.5773502691896258,0.0,0.0,0.0,0.5773502691896258,0.0,0.4472135954999579
democrat,0.0,0.0,0.0,0.7071067811865475,0.0,0.0,0.3779644730092272,0.5,0.0,0.5,0.0,0.5,0.0,0.7071067811865475,0.5773502691896258,0.0,0.0,0.0,0.5773502691896258,0.4472135954999579,0.0
democrat,0.0,0.0,0.0,0.7071067811865475,0.0,0.0,0.3779644730092272,0.5,0.0,0.5,0.0,0.5,0.5,0.0,0.0,0.4472135954999579,0.0,0.0,0.5773502691896258,0.0,0.4472135954999579
democrat,0.0,0.0,0.0,0.7071067811865475,0.0,0.0,0.3779644730092272,0.5,0.0,0.5,0.0,0.0,0.0,0.0,0.0,0.4472135954999579,0.0,0.0,0.0,0.4472135954999579,0.0
democrat,0.31622776601683794,0.0,0.0,0.7071067811865475,0.0,0.0,0.3779644730092272,0.5,0.0,0.5,0.0,0.5,0.0,0.7071067811865475,0.0,0.4472135954999579,0.0,0.0,0.5773502691896258,0.0,0.4472135954999579
democrat,0.0,0.0,0.0,0.7071067811865475,0.0,0.0,0.3779644730092272,0.5,0.0,0.5,0.4082482904638631,0.0,0.5,0.0,0.0,0.4472135954999579,0.0,0.0,0.5773502691896258,0.0,0.4472135954999579
democrat,0.0,0.0,0.0,0.0,0.4472135954999579,0.0,0.0,0.0,0.0,0.5,0.0,0.0,0.0,0.0,0.5773502691896258,0.0,0.0,0.0,0.0,0.4472135954999579,0.0
democrat,0.31622776601683794,0.0,0.0,0.7071067811865475,0.0,0.0,0.3779644730092272,0.5,0.0,0.5,0.0,0.5,0.0,0.7071067811865475,0.0,0.4472135954999579,0.0,0.0,0.5773502691896258,0.0,0.4472135954999579
democrat,0.0,0.0,0.0,0.7071067811865475,0.0,0.0,0.3779644730092272,0.5,0.0,0.5,0.0,0.5,0.5,0.0,0.5773502691896258,0.0,0.0,0.0,0.5773502691896258,0.0,0.4472135954999579
democrat,0.31622776601683794,0.3333333333333333,0.0,0.7071067811865475,0.0,0.0,0.3779644730092272,0.5,0.0,0.5,0.0,0.5,0.0,0.7071067811865475,0.0,0.4472135954999579,0.0,0.0,0.5773502691896258,0.0,0.4472135954999579
democrat,0.0,0.0,0.0,0.7071067811865475,0.0,0.0,0.3779644730092272,0.5,0.0,0.5,0.4082482904638631,0.0,0.5,0.0,0.0,0.4472135954999579,0.0,0.0,0.5773502691896258,0.4472135954999579,0.0
republican,0.0,0.0,0.5773502691896258,0.0,0.0,1.0,0.0,0.5,0.5,0.0,0.4082482904638631,0.0,0.5,0.0,0.0,0.0,0.0,0.0,0.0,0.4472135954999579,0.0
democrat,0.0,0.0,0.0,0.7071067811865475,0.0,0.0,0.3779644730092272,0.5,0.0,0.5,0.4082482904638631,0.0,0.5,0.0,0.0,0.4472135954999579,0.0,0.0,0.5773502691896258,0.0,0.4472135954999579
republican,0.31622776601683794,0.0,0.5773502691896258,0.0,0.0,1.0,0.0,0.0,0.5,0.0,0.4082482904638631,0.0,0.5,0.0,0.0,0.0,0.3779644730092272,0.4082482904638631,0.0,0.4472135954999579,0.0
republican,0.31622776601683794,0.3333333333333333,0.5773502691896258,0.0,0.0,1.0,0.0,0.0,0.5,0.0,0.0,0.5,0.5,0.0,0.0,0.0,0.3779644730092272,0.4082482904638631,0.0,0.4472135954999579,0.0
democrat,0.31622776601683794,0.0,0.5773502691896258,0.0,0.0,0.0,0.0,0.5,0.0,0.5,0.4082482904638631,0.0,0.0,0.7071067811865475,0.0,0.4472135954999579,0.0,0.0,0.5773502691896258,0.0,0.4472135954999579
democrat,0.31622776601683794,0.0,0.0,0.7071067811865475,0.0,0.0,0.3779644730092272,0.5,0.0,0.5,0.4082482904638631,0.0,0.5,0.0,0.0,0.4472135954999579,0.0,0.0,0.5773502691896258,0.0,0.4472135954999579
democrat,0.31622776601683794,0.0,0.0,0.7071067811865475,0.0,0.0,0.0,0.5,0.0,0.5,0.0,0.5,0.0,0.7071067811865475,0.0,0.4472135954999579,0.0,0.0,0.5773502691896258,0.0,0.4472135954999579
republican,0.31622776601683794,0.0,0.5773502691896258,0.0,0.0,1.0,0.0,0.0,0.5,0.0,0.4082482904638631,0.0,0.5,0.0,0.0,0.0,0.3779644730092272,0.4082482904638631,0.0,0.4472135954999579,0.0
democrat,0.31622776601683794,0.0,0.0,0.7071067811865475,0.0,0.0,0.0,0.5,0.0,0.5,0.4082482904638631,0.0,0.0,0.7071067811865475,0.0,0.0,0.0,0.0,0.5773502691896258,0.4472135954999579,0.0
republican,0.31622776601683794,0.0,0.0,0.7071067811865475,0.0,1.0,0.0,0.0,0.5,0.0,0.0,0.5,0.5,0.0,0.0,0.4472135954999579,0.0,0.4082482904638631,0.0,0.0,0.4472135954999579
democrat,0.31622776601683794,0.0,0.0,0.7071067811865475,0.0,0.0,0.3779644730092272,0.5,0.0,0.5,0.0,0.5,0.0,0.7071067811865475,0.0,0.4472135954999579,0.0,0.0,0.5773502691896258,0.4472135954999579,0.0
democrat,0.0,0.3333333333333333,0.5773502691896258,0.0,0.0,0.0,0.3779644730092272,0.5,0.0,0.0,0.4082482904638631,0.0,0.0,0.7071067811865475,0.0,0.4472135954999579,0.0,0.0,0.5773502691896258,0.4472135954999579,0.0
democrat,0.31622776601683794,0.0,0.0,0.7071067811865475,0.0,0.0,0.3779644730092272,0.5,0.0,0.5,0.4082482904638631,0.0,0.5,0.0,0.0,0.4472135954999579,0.0,0.0,0.5773502691896258,0.0,0.4472135954999579
democrat,0.0,0.3333333333333333,0.0,0.7071067811865475,0.0,0.0,0.3779644730092272,0.5,0.0,0.5,0.4082482904638631,0.0,0.5,0.0,0.0,0.4472135954999579,0.0,0.0,0.5773502691896258,0.0,0.4472135954999579
democrat,0.0,0.0,0.0,0.7071067811865475,0.0,0.0,0.0,0.5,0.0,0.5,0.0,0.5,0.0,0.7071067811865475,0.0,0.4472135954999579,0.0,0.0,0.5773502691896258,0.0,0.4472135954999579
democrat,0.0,0.0,0.0,0.7071067811865475,0.0,0.0,0.3779644730092272,0.5,0.0,0.5,0.0,0.5,0.5,0.0,0.0,0.4472135954999579,0.0,0.0,0.5773502691896258,0.0,0.4472135954999579
republican,0.31622776601683794,0.0,0.0,0.7071067811865475,0.0,1.0,0.0,0.5,0.5,0.0,0.4082482904638631,0.0,0.5,0.0,0.0,0.0,0.3779644730092272,0.4082482904638631,0.0,0.0,0.4472135954999579
democrat,0.31622776601683794,0.0,0.0,0.7071067811865475,0.0,0.0,0.0,0.5,0.0,0.5,0.0,0.5,0.5,0.0,0.0,0.0,0.0,0.4082482904638631,0.0,0.0,0.4472135954999579
republican,0.31622776601683794,0.0,0.5773502691896258,0.0,0.0,1.0,0.0,0.0,0.5,0.0,0.0,0.5,0.5,0.0,0.0,0.0,0.0,0.4082482904638631,0.0,0.0,0.4472135954999579
republican,0.0,0.0,0.5773502691896258,0.0,0.0,1.0,0.0,0.5,0.5,0.0,0.0,0.5,0.5,0.0,0.0,0.0,0.3779644730092272,0.4082482904638631,0.0,0.0,0.4472135954999579
democrat,0.31622776601683794,0.0,0.0,0.7071067811865475,0.0,0.0,0.3779644730092272,0.5,0.0,0.5,0.4082482904638631,0.0,0.5,0.0,0.5773502691896258,0.0,0.0,0.0,0.5773502691896258,0.0,0.4472135954999579
democrat,0.0,0.3333333333333333,0.0,0.7071067811865475,0.0,0.0,0.3779644730092272,0.5,0.0,0.5,0.0,0.5,0.0,0.7071067811865475,0.0,0.4472135954999579,0.0,0.4082482904638631,0.0,0.0,0.4472135954999579
democrat,0.31622776601683794,0.0,0.0,0.7071067811865475,0.0,0.0,0.0,0.5,0.0,0.5,0.4082482904638631,0.0,0.5,0.0,0.0,0.4472135954999579,0.0,0.0,0.5773502691896258,0.0,0.4472135954999579
republican,0.31622776601683794,0.3333333333333333,0.5773502691896258,0.0,0.0,1.0,0.0,0.0,0.5,0.0,0.0,0.5,0.5,0.0,0.0,0.0,0.3779644730092272,0.4082482904638631,0.0,0.0,0.4472135954999579
democrat,0.31622776601683794,0.0,0.0,0.7071067811865475,0.0,0.0,0.3779644730092272,0.5,0.0,0.5,0.4082482904638631,0.0,0.0,0.7071067811865475,0.0,0.4472135954999579,0.0,0.0,0.5773502691896258,0.0,0.4472135954999579
democrat,0.31622776601683794,0.3333333333333333,0.0,0.7071067811865475,0.0,0.0,0.0,0.0,0.0,0.5,0.4082482904638631,0.0,0.0,0.7071067811865475,0.0,0.4472135954999579,0.3779644730092272,0.0,0.5773502691896258,0.0,0.4472135954999579
republican,0.0,0.3333333333333333,0.5773502691896258,0.0,0.0,1.0,0.0,0.0,0.5,0.0,0.0,0.5,0.5,0.0,0.0,0.0,0.3779644730092272,0.4082482904638631,0.0,0.0,0.4472135954999579
democrat,0.31622776601683794,0.3333333333333333,0.0,0.7071067811865475,0.0,1.0,0.0,0.0,0.5,0.0,0.0,0.5,0.0,0.7071067811865475,0.0,0.0,0.3779644730092272,0.0,0.5773502691896258,0.4472135954999579,0.0
democrat,0.0,0.3333333333333333,0.0,0.7071067811865475,0.0,0.0,0.0,0.0,0.0,0.0,0.0,0.5,0.5,0.0,0.0,0.4472135954999579,0.0,0.0,0.5773502691896258,0.4472135954999579,0.0
republican,0.31622776601683794,0.3333333333333333,0.5773502691896258,0.0,0.0,1.0,0.0,0.0,0.5,0.0,0.0,0.5,0.5,0.0,0.0,0.0,0.3779644730092272,0.4082482904638631,0.0,0.0,0.0
democrat,0.0,0.0,0.0,0.7071067811865475,0.0,0.0,0.3779644730092272,0.5,0.0,0.5,0.4082482904638631,0.0,0.0,0.0,0.0,0.4472135954999579,0.0,0.0,0.5773502691896258,0.4472135954999579,0.0
democrat,0.31622776601683794,0.3333333333333333,0.0,0.7071067811865475,0.0,0.0,0.3779644730092272,0.0,0.0,0.5,0.4082482904638631,0.0,0.0,0.7071067811865475,0.0,0.4472135954999579,0.0,0.0,0.5773502691896258,0.0,0.4472135954999579
democrat,0.31622776601683794,0.0,0.0,0.7071067811865475,0.0,0.0,0.3779644730092272,0.5,0.0,0.5,0.4082482904638631,0.0,0.5,0.0,0.0,0.4472135954999579,0.0,0.0,0.5773502691896258,0.4472135954999579,0.0
democrat,0.31622776601683794,0.3333333333333333,0.0,0.7071067811865475,0.0,0.0,0.0,0.0,0.5,0.0,0.4082482904638631,0.0,0.0,0.7071067811865475,0.0,0.4472135954999579,0.0,0.0,0.5773502691896258,0.4472135954999579,0.0
democrat,0.0,0.0,0.0,0.7071067811865475,0.0,0.0,0.3779644730092272,0.5,0.0,0.5,0.4082482904638631,0.0,0.0,0.7071067811865475,0.0,0.4472135954999579,0.0,0.0,0.5773502691896258,0.4472135954999579,0.0
republican,0.31622776601683794,0.0,0.5773502691896258,0.0,0.0,1.0,0.3779644730092272,0.0,0.5,0.0,0.4082482904638631,0.0,0.5,0.0,0.0,0.0,0.3779644730092272,0.4082482904638631,0.0,0.0,0.4472135954999579
republican,0.31622776601683794,0.3333333333333333,0.5773502691896258,0.0,0.0,1.0,0.0,0.0,0.5,0.0,0.0,0.5,0.5,0.0,0.5773502691896258,0.0,0.3779644730092272,0.4082482904638631,0.0,0.0,0.0
republican,0.31622776601683794,0.0,0.5773502691896258,0.0,0.0,1.0,0.0,0.0,0.5,0.0,0.4082482904638631,0.0,0.5,0.0,0.0,0.0,0.3779644730092272,0.4082482904638631,0.0,0.0,0.4472135954999579
democrat,0.31622776601683794,0.0,0.0,0.7071067811865475,0.0,0.0,0.0,0.5,0.0,0.5,0.4082482904638631,0.0,0.0,0.7071067811865475,0.0,0.4472135954999579,0.0,0.0,0.5773502691896258,0.0,0.4472135954999579
democrat,0.0,0.0,0.0,0.7071067811865475,0.0,0.0,0.3779644730092272,0.5,0.0,0.5,0.4082482904638631,0.0,0.5,0.0,0.0,0.4472135954999579,0.0,0.0,0.0,0.0,0.4472135954999579
republican,0.31622776601683794,0.3333333333333333,0.5773502691896258,0.0,0.0,1.0,0.0,0.0,0.5,0.0,0.4082482904638631,0.0,0.5,0.0,0.0,0.0,0.3779644730092272,0.4082482904638631,0.0,0.0,0.4472135954999579
republican,0.31622776601683794,0.3333333333333333,0.0,0.7071067811865475,0.0,1.0,0.0,0.5,0.0,0.5,0.0,0.5,0.5,0.0,0.0,0.0,0.3779644730092272,0.4082482904638631,0.0,0.0,0.4472135954999579
republican,0.31622776601683794,0.3333333333333333,0.5773502691896258,0.0,0.0,1.0,0.0,0.0,0.5,0.0,0.4082482904638631,0.0,0.5,0.0,0.0,0.0,0.3779644730092272,0.4082482904638631,0.0,0.0,0.4472135954999579
republican,0.31622776601683794,0.3333333333333333,0.5773502691896258,0.0,0.0,1.0,0.0,0.0,0.0,0.5,0.0,0.5,0.5,0.0,0.0,0.0,0.3779644730092272,0.4082482904638631,0.0,0.0,0.4472135954999579
democrat,0.31622776601683794,0.3333333333333333,0.0,0.7071067811865475,0.0,0.0,0.3779644730092272,0.5,0.5,0.0,0.4082482904638631,0.0,0.0,0.7071067811865475,0.0,0.4472135954999579,0.0,0.0,0.5773502691896258,0.4472135954999579,0.0
republican,0.31622776601683794,0.3333333333333333,0.5773502691896258,0.0,0.0,1.0,0.0,0.0,0.5,0.0,0.0,0.5,0.5,0.0,0.0,0.0,0.3779644730092272,0.4082482904638631,0.0,0.0,0.4472135954999579
democrat,0.31622776601683794,0.0,0.0,0.7071067811865475,0.0,0.0,0.0,0.5,0.0,0.5,0.0,0.5,0.5,0.0,0.0,0.0,0.0,0.0,0.5773502691896258,0.4472135954999579,0.0
republican,0.31622776601683794,0.0,0.5773502691896258,0.0,0.0,1.0,0.0,0.0,0.5,0.0,0.0,0.5,0.5,0.0,0.0,0.0,0.0,0.4082482904638631,0.0,0.0,0.4472135954999579
democrat,0.31622776601683794,0.0,0.0,0.7071067811865475,0.0,0.0,0.3779644730092272,0.5,0.0,0.5,0.4082482904638631,0.0,0.5,0.0,0.0,0.4472135954999579,0.0,0.0,0.5773502691896258,0.0,0.4472135954999579
democrat,0.0,0.0,0.0,0.7071067811865475,0.0,0.0,0.0,0.5,0.5,0.0,0.4082482904638631,0.0,0.5,0.0,0.0,0.0,0.3779644730092272,0.4082482904638631,0.0,0.0,0.4472135954999579
democrat,0.0,0.3333333333333333,0.0,0.7071067811865475,0.0,0.0,0.3779644730092272,0.5,0.0,0.0,0.0,0.5,0.5,0.0,0.0,0.4472135954999579,0.0,0.0,0.5773502691896258,0.4472135954999579,0.0
republican,0.31622776601683794,0.0,0.5773502691896258,0.0,0.0,1.0,0.0,0.5,0.5,0.0,0.0,0.5,0.5,0.0,0.0,0.4472135954999579,0.0,0.0,0.5773502691896258,0.0,0.4472135954999579
republican,0.31622776601683794,0.0,0.5773502691896258,0.0,0.0,1.0,0.0,0.5,0.0,0.5,0.4082482904638631,0.0,0.5,0.0,0.0,0.0,0.3779644730092272,0.4082482904638631,0.0,0.0,0.4472135954999579
democrat,0.0,0.0,0.0,0.7071067811865475,0.0,0.0,0.3779644730092272,0.5,0.0,0.5,0.0,0.5,0.0,0.7071067811865475,0.0,0.4472135954999579,0.0,0.0,0.5773502691896258,0.0,0.4472135954999579
republican,0.31622776601683794,0.0,0.5773502691896258,0.0,0.0,0.0,0.0,0.5,0.5,0.0,0.4082482904638631,0.0,0.5,0.0,0.5773502691896258,0.0,0.0,0.0,0.5773502691896258,0.0,0.4472135954999579
democrat,0.31622776601683794,0.3333333333333333,0.0,0.7071067811865475,0.0,0.0,0.3779644730092272,0.5,0.0,0.0,0.0,0.5,0.5,0.0,0.0,0.4472135954999579,0.3779644730092272,0.0,0.5773502691896258,0.0,0.4472135954999579
democrat,0.0,0.0,0.0,0.7071067811865475,0.0,0.0,0.3779644730092272,0.0,0.0,0.5,0.0,0.5,0.5,0.0,0.0,0.4472135954999579,0.0,0.0,0.5773502691896258,0.0,0.4472135954999579
democrat,0.0,0.0,0.0,0.7071067811865475,0.0,0.0,0.3779644730092272,0.5,0.0,0.5,0.0,0.5,0.0,0.7071067811865475,0.0,0.4472135954999579,0.0,0.0,0.5773502691896258,0.0,0.4472135954999579
democrat,0.31622776601683794,0.0,0.0,0.7071067811865475,0.0,0.0,0.3779644730092272,0.5,0.0,0.5,0.4082482904638631,0.0,0.5,0.0,0.0,0.4472135954999579,0.0,0.0,0.0,0.0,0.4472135954999579
republican,0.31622776601683794,0.3333333333333333,0.5773502691896258,0.0,0.0,1.0,0.0,0.0,0.5,0.0,0.4082482904638631,0.0,0.5,0.0,0.5773502691896258,0.0,0.3779644730092272,0.4082482904638631,0.0,0.0,0.0
republican,0.0,0.0,0.0,0.0,0.4472135954999579,0.0,0.0,0.0,0.0,0.0,0.0,0.0,0.0,0.0,0.5773502691896258,0.0,0.0,0.0,0.0,0.4472135954999579,0.0
democrat,0.0,0.0,0.0,0.7071067811865475,0.0,0.0,0.3779644730092272,0.5,0.0,0.0,0.4082482904638631,0.0,0.0,0.7071067811865475,0.0,0.4472135954999579,0.0,0.0,0.5773502691896258,0.0,0.4472135954999579
republican,0.31622776601683794,0.3333333333333333,0.5773502691896258,0.0,0.0,1.0,0.0,0.0,0.5,0.0,0.4082482904638631,0.0,0.5,0.0,0.0,0.0,0.3779644730092272,0.4082482904638631,0.0,0.0,0.0
republican,0.31622776601683794,0.3333333333333333,0.5773502691896258,0.0,0.0,1.0,0.0,0.0,0.5,0.0,0.4082482904638631,0.0,0.5,0.0,0.0,0.0,0.3779644730092272,0.4082482904638631,0.0,0.0,0.0
democrat,0.0,0.3333333333333333,0.0,0.7071067811865475,0.0,0.0,0.0,0.5,0.0,0.5,0.4082482904638631,0.0,0.5,0.0,0.0,0.4472135954999579,0.0,0.0,0.5773502691896258,0.0,0.4472135954999579
republican,0.31622776601683794,0.3333333333333333,0.5773502691896258,0.0,0.0,1.0,0.0,0.0,0.5,0.0,0.4082482904638631,0.0,0.5,0.0,0.0,0.0,0.3779644730092272,0.4082482904638631,0.0,0.0,0.4472135954999579
democrat,0.0,0.0,0.0,0.7071067811865475,0.0,0.0,0.3779644730092272,0.5,0.0,0.5,0.0,0.5,0.5,0.0,0.0,0.4472135954999579,0.0,0.4082482904638631,0.0,0.0,0.4472135954999579
democrat,0.0,0.0,0.0,0.7071067811865475,0.0,0.0,0.3779644730092272,0.5,0.0,0.5,0.0,0.5,0.5,0.0,0.0,0.4472135954999579,0.0,0.0,0.5773502691896258,0.0,0.4472135954999579
republican,0.31622776601683794,0.0,0.5773502691896258,0.0,0.0,1.0,0.3779644730092272,0.0,0.5,0.0,0.4082482904638631,0.0,0.5,0.0,0.0,0.0,0.0,0.4082482904638631,0.0,0.0,0.0
republican,0.31622776601683794,0.0,0.5773502691896258,0.0,0.0,1.0,0.3779644730092272,0.0,0.5,0.0,0.4082482904638631,0.0,0.5,0.0,0.0,0.0,0.0,0.0,0.0,0.0,0.4472135954999579
democrat,0.31622776601683794,0.0,0.0,0.7071067811865475,0.0,0.0,0.3779644730092272,0.5,0.0,0.5,0.4082482904638631,0.0,0.0,0.7071067811865475,0.0,0.4472135954999579,0.0,0.0,0.5773502691896258,0.0,0.4472135954999579
democrat,0.0,0.0,0.0,0.7071067811865475,0.0,0.0,0.3779644730092272,0.5,0.0,0.5,0.4082482904638631,0.0,0.5,0.0,0.0,0.4472135954999579,0.0,0.4082482904638631,0.0,0.0,0.4472135954999579
democrat,0.0,0.0,0.0,0.7071067811865475,0.0,0.0,0.3779644730092272,0.5,0.0,0.5,0.0,0.5,0.5,0.0,0.0,0.4472135954999579,0.0,0.4082482904638631,0.0,0.0,0.4472135954999579
democrat,0.0,0.0,0.0,0.7071067811865475,0.0,0.0,0.0,0.5,0.0,0.5,0.4082482904638631,0.0,0.0,0.0,0.5773502691896258,0.0,0.0,0.0,0.0,0.4472135954999579,0.0
democrat,0.0,0.0,0.0,0.7071067811865475,0.0,0.0,0.3779644730092272,0.5,0.0,0.5,0.0,0.5,0.5,0.0,0.0,0.4472135954999579,0.0,0.0,0.5773502691896258,0.0,0.4472135954999579
democrat,0.0,0.0,0.0,0.7071067811865475,0.0,0.0,0.3779644730092272,0.5,0.0,0.5,0.4082482904638631,0.0,0.5,0.0,0.0,0.4472135954999579,0.0,0.0,0.5773502691896258,0.4472135954999579,0.0
democrat,0.0,0.0,0.0,0.7071067811865475,0.0,0.0,0.3779644730092272,0.5,0.0,0.5,0.4082482904638631,0.0,0.5,0.0,0.0,0.4472135954999579,0.0,0.0,0.5773502691896258,0.4472135954999579,0.0
democrat,0.0,0.0,0.0,0.7071067811865475,0.0,0.0,0.3779644730092272,0.5,0.0,0.5,0.0,0.5,0.5,0.0,0.0,0.4472135954999579,0.0,0.4082482904638631,0.0,0.0,0.4472135954999579
republican,0.31622776601683794,0.0,0.5773502691896258,0.0,0.0,1.0,0.0,0.0,0.5,0.0,0.0,0.5,0.5,0.0,0.0,0.0,0.0,0.4082482904638631,0.0,0.0,0.4472135954999579
democrat,0.0,0.0,0.0,0.7071067811865475,0.0,0.0,0.3779644730092272,0.5,0.0,0.5,0.4082482904638631,0.0,0.5,0.0,0.0,0.4472135954999579,0.0,0.0,0.5773502691896258,0.4472135954999579,0.0
democrat,0.0,0.0,0.0,0.7071067811865475,0.0,0.0,0.3779644730092272,0.5,0.0,0.5,0.4082482904638631,0.0,0.5,0.0,0.0,0.4472135954999579,0.0,0.4082482904638631,0.0,0.0,0.4472135954999579
democrat,0.0,0.3333333333333333,0.0,0.7071067811865475,0.0,0.0,0.3779644730092272,0.5,0.0,0.5,0.4082482904638631,0.0,0.5,0.0,0.0,0.4472135954999579,0.0,0.0,0.5773502691896258,0.0,0.4472135954999579
democrat,0.31622776601683794,0.3333333333333333,0.0,0.7071067811865475,0.0,0.0,0.0,0.5,0.0,0.5,0.4082482904638631,0.0,0.0,0.0,0.0,0.4472135954999579,0.0,0.4082482904638631,0.0,0.0,0.4472135954999579
democrat,0.0,0.0,0.0,0.7071067811865475,0.0,0.0,0.3779644730092272,0.5,0.0,0.5,0.0,0.5,0.5,0.0,0.0,0.4472135954999579,0.0,0.0,0.5773502691896258,0.4472135954999579,0.0
republican,0.31622776601683794,0.0,0.5773502691896258,0.0,0.0,1.0,0.3779644730092272,0.5,0.5,0.0,0.0,0.5,0.5,0.0,0.0,0.0,0.3779644730092272,0.0,0.0,0.0,0.4472135954999579
republican,0.0,0.0,0.5773502691896258,0.0,0.0,1.0,0.3779644730092272,0.5,0.5,0.0,0.0,0.5,0.5,0.0,0.0,0.4472135954999579,0.0,0.0,0.5773502691896258,0.0,0.4472135954999579
democrat,0.31622776601683794,0.0,0.0,0.7071067811865475,0.0,0.0,0.0,0.0,0.5,0.0,0.4082482904638631,0.0,0.0,0.0,0.0,0.4472135954999579,0.3779644730092272,0.4082482904638631,0.0,0.0,0.0
republican,0.31622776601683794,0.0,0.5773502691896258,0.0,0.0,1.0,0.0,0.0,0.5,0.0,0.4082482904638631,0.0,0.5,0.0,0.0,0.0,0.3779644730092272,0.0,0.5773502691896258,0.0,0.0
republican,0.31622776601683794,0.0,0.0,0.7071067811865475,0.0,1.0,0.0,0.5,0.5,0.0,0.0,0.5,0.5,0.0,0.0,0.4472135954999579,0.0,0.4082482904638631,0.0,0.0,0.4472135954999579
republican,0.31622776601683794,0.0,0.5773502691896258,0.0,0.0,1.0,0.0,0.0,0.5,0.0,0.4082482904638631,0.0,0.5,0.0,0.0,0.0,0.3779644730092272,0.4082482904638631,0.0,0.0,0.4472135954999579
republican,0.31622776601683794,0.0,0.5773502691896258,0.0,0.0,1.0,0.0,0.0,0.5,0.0,0.0,0.5,0.5,0.0,0.0,0.0,0.3779644730092272,0.4082482904638631,0.0,0.0,0.0
democrat,0.31622776601683794,0.0,0.0,0.7071067811865475,0.0,0.0,0.3779644730092272,0.5,0.0,0.5,0.0,0.5,0.5,0.0,0.0,0.4472135954999579,0.0,0.4082482904638631,0.0,0.0,0.4472135954999579
republican,0.0,0.0,0.0,0.7071067811865475,0.0,1.0,0.0,0.5,0.5,0.0,0.4082482904638631,0.0,0.5,0.0,0.0,0.4472135954999579,0.0,0.4082482904638631,0.0,0.4472135954999579,0.0
republican,0.0,0.0,0.5773502691896258,0.0,0.0,1.0,0.0,0.0,0.5,0.0,0.0,0.5,0.5,0.0,0.5773502691896258,0.0,0.3779644730092272,0.4082482904638631,0.0,0.0,0.0
republican,0.31622776601683794,0.0,0.5773502691896258,0.0,0.0,1.0,0.0,0.0,0.5,0.0,0.4082482904638631,0.0,0.5,0.0,0.0,0.0,0.3779644730092272,0.4082482904638631,0.0,0.0,0.4472135954999579
democrat,0.31622776601683794,0.0,0.0,0.7071067811865475,0.0,0.0,0.0,0.5,0.0,0.5,0.0,0.5,0.0,0.7071067811865475,0.0,0.4472135954999579,0.0,0.0,0.0,0.0,0.4472135954999579
democrat,0.31622776601683794,0.0,0.0,0.7071067811865475,0.0,0.0,0.0,0.5,0.0,0.5,0.0,0.5,0.0,0.7071067811865475,0.0,0.4472135954999579,0.0,0.0,0.5773502691896258,0.0,0.4472135954999579
democrat,0.31622776601683794,0.0,0.0,0.7071067811865475,0.0,0.0,0.0,0.0,0.0,0.0,0.0,0.5,0.0,0.7071067811865475,0.0,0.0,0.0,0.0,0.5773502691896258,0.4472135954999579,0.0
democrat,0.0,0.3333333333333333,0.0,0.7071067811865475,0.4472135954999579,0.0,0.0,0.5,0.0,0.5,0.4082482904638631,0.0,0.0,0.7071067811865475,0.0,0.4472135954999579,0.3779644730092272,0.0,0.0,0.0,0.4472135954999579
democrat,0.0,0.3333333333333333,0.0,0.7071067811865475,0.0,0.0,0.0,0.0,0.5,0.0,0.0,0.5,0.0,0.7071067811865475,0.0,0.4472135954999579,0.3779644730092272,0.0,0.5773502691896258,0.0,0.4472135954999579
democrat,0.0,0.3333333333333333,0.0,0.7071067811865475,0.0,0.0,0.0,0.0,0.5,0.0,0.0,0.5,0.0,0.7071067811865475,0.0,0.4472135954999579,0.3779644730092272,0.4082482904638631,0.0,0.4472135954999579,0.0
democrat,0.0,0.0,0.0,0.7071067811865475,0.0,0.0,0.0,0.0,0.0,0.5,0.0,0.5,0.5,0.0,0.0,0.4472135954999579,0.3779644730092272,0.4082482904638631,0.0,0.0,0.4472135954999579
democrat,0.0,0.0,0.0,0.7071067811865475,0.0,0.0,0.0,0.5,0.0,0.5,0.0,0.5,0.5,0.0,0.5773502691896258,0.0,0.0,0.4082482904638631,0.0,0.0,0.4472135954999579
democrat,0.0,0.0,0.0,0.7071067811865475,0.0,0.0,0.0,0.5,0.5,0.0,0.0,0.5,0.0,0.7071067811865475,0.0,0.4472135954999579,0.3779644730092272,0.0,0.5773502691896258,0.0,0.4472135954999579
democrat,0.0,0.3333333333333333,0.0,0.7071067811865475,0.0,0.0,0.0,0.5,0.0,0.5,0.0,0.5,0.0,0.7071067811865475,0.0,0.4472135954999579,0.3779644730092272,0.0,0.5773502691896258,0.0,0.4472135954999579
democrat,0.31622776601683794,0.3333333333333333,0.0,0.7071067811865475,0.0,0.0,0.0,0.5,0.5,0.0,0.0,0.5,0.0,0.7071067811865475,0.0,0.4472135954999579,0.3779644730092272,0.4082482904638631,0.0,0.4472135954999579,0.0
republican,0.31622776601683794,0.3333333333333333,0.5773502691896258,0.0,0.0,1.0,0.0,0.0,0.5,0.0,0.0,0.5,0.5,0.0,0.0,0.0,0.0,0.0,0.0,0.4472135954999579,0.0
republican,0.31622776601683794,0.0,0.0,0.7071067811865475,0.0,1.0,0.0,0.0,0.5,0.0,0.0,0.5,0.5,0.0,0.0,0.0,0.3779644730092272,0.0,0.5773502691896258,0.0,0.4472135954999579
democrat,0.0,0.3333333333333333,0.0,0.7071067811865475,0.0,0.0,0.0,0.5,0.0,0.5,0.0,0.5,0.5,0.0,0.0,0.4472135954999579,0.0,0.0,0.5773502691896258,0.4472135954999579,0.0
democrat,0.31622776601683794,0.3333333333333333,0.5773502691896258,0.0,0.0,0.0,0.3779644730092272,0.5,0.0,0.5,0.0,0.5,0.0,0.7071067811865475,0.0,0.4472135954999579,0.0,0.0,0.5773502691896258,0.0,0.4472135954999579
democrat,0.31622776601683794,0.3333333333333333,0.0,0.7071067811865475,0.0,0.0,0.0,0.5,0.0,0.5,0.0,0.5,0.5,0.0,0.0,0.4472135954999579,0.3779644730092272,0.0,0.5773502691896258,0.0,0.4472135954999579
republican,0.31622776601683794,0.0,0.5773502691896258,0.0,0.0,1.0,0.3779644730092272,0.5,0.0,0.5,0.0,0.5,0.5,0.0,0.0,0.0,0.3779644730092272,0.4082482904638631,0.0,0.0,0.4472135954999579
democrat,0.31622776601683794,0.0,0.0,0.0,0.0,0.0,0.0,0.5,0.0,0.5,0.4082482904638631,0.0,0.5,0.0,0.0,0.4472135954999579,0.0,0.0,0.5773502691896258,0.0,0.4472135954999579
republican,0.31622776601683794,0.0,0.5773502691896258,0.0,0.0,1.0,0.0,0.5,0.5,0.0,0.0,0.5,0.5,0.0,0.0,0.0,0.3779644730092272,0.4082482904638631,0.0,0.0,0.4472135954999579
republican,0.31622776601683794,0.0,0.5773502691896258,0.0,0.0,1.0,0.0,0.0,0.5,0.0,0.4082482904638631,0.0,0.5,0.0,0.0,0.0,0.3779644730092272,0.4082482904638631,0.0,0.0,0.0
republican,0.31622776601683794,0.3333333333333333,0.5773502691896258,0.0,0.0,1.0,0.0,0.0,0.5,0.0,0.0,0.5,0.5,0.0,0.0,0.0,0.3779644730092272,0.4082482904638631,0.0,0.4472135954999579,0.0
republican,0.31622776601683794,0.0,0.5773502691896258,0.0,0.0,1.0,0.0,0.0,0.5,0.0,0.0,0.5,0.5,0.0,0.0,0.0,0.3779644730092272,0.4082482904638631,0.0,0.0,0.0
republican,0.31622776601683794,0.0,0.5773502691896258,0.0,0.0,1.0,0.0,0.0,0.5,0.0,0.4082482904638631,0.0,0.5,0.0,0.0,0.0,0.3779644730092272,0.4082482904638631,0.0,0.0,0.0
democrat,0.0,0.0,0.0,0.7071067811865475,0.0,0.0,0.0,0.5,0.0,0.5,0.4082482904638631,0.0,0.5,0.0,0.0,0.4472135954999579,0.0,0.4082482904638631,0.0,0.4472135954999579,0.0
republican,0.31622776601683794,0.0,0.5773502691896258,0.0,0.0,1.0,0.0,0.0,0.5,0.0,0.0,0.5,0.5,0.0,0.0,0.0,0.3779644730092272,0.4082482904638631,0.0,0.0,0.0
democrat,0.0,0.0,0.5773502691896258,0.0,0.0,0.0,0.0,0.5,0.0,0.5,0.0,0.5,0.5,0.0,0.0,0.4472135954999579,0.0,0.0,0.5773502691896258,0.0,0.4472135954999579
republican,0.31622776601683794,0.0,0.5773502691896258,0.0,0.0,1.0,0.0,0.0,0.5,0.0,0.0,0.5,0.5,0.0,0.0,0.0,0.3779644730092272,0.0,0.5773502691896258,0.0,0.0
democrat,0.31622776601683794,0.0,0.0,0.7071067811865475,0.0,0.0,0.0,0.5,0.0,0.5,0.0,0.5,0.5,0.0,0.0,0.4472135954999579,0.3779644730092272,0.4082482904638631,0.0,0.0,0.4472135954999579
democrat,0.0,0.3333333333333333,0.0,0.7071067811865475,0.0,0.0,0.3779644730092272,0.5,0.0,0.5,0.0,0.5,0.5,0.0,0.0,0.4472135954999579,0.0,0.0,0.5773502691896258,0.0,0.4472135954999579
republican,0.31622776601683794,0.3333333333333333,0.0,0.7071067811865475,0.0,1.0,0.0,0.0,0.5,0.0,0.0,0.5,0.5,0.0,0.0,0.0,0.3779644730092272,0.4082482904638631,0.0,0.0,0.4472135954999579
republican,0.31622776601683794,0.3333333333333333,0.5773502691896258,0.0,0.0,1.0,0.0,0.5,0.5,0.0,0.4082482904638631,0.0,0.0,0.7071067811865475,0.0,0.0,0.3779644730092272,0.0,0.5773502691896258,0.0,0.4472135954999579
republican,0.31622776601683794,0.3333333333333333,0.0,0.7071067811865475,0.0,1.0,0.0,0.5,0.5,0.0,0.4082482904638631,0.0,0.5,0.0,0.0,0.4472135954999579,0.0,0.0,0.5773502691896258,0.4472135954999579,0.0
democrat,0.31622776601683794,0.0,0.5773502691896258,0.0,0.0,0.0,0.0,0.0,0.0,0.5,0.4082482904638631,0.0,0.0,0.7071067811865475,0.0,0.0,0.3779644730092272,0.0,0.5773502691896258,0.0,0.0
democrat,0.0,0.0,0.5773502691896258,0.0,0.0,0.0,0.3779644730092272,0.5,0.0,0.5,0.0,0.5,0.5,0.0,0.0,0.4472135954999579,0.0,0.0,0.5773502691896258,0.0,0.4472135954999579
democrat,0.31622776601683794,0.0,0.0,0.7071067811865475,0.0,0.0,0.3779644730092272,0.5,0.0,0.5,0.4082482904638631,0.0,0.5,0.0,0.0,0.4472135954999579,0.0,0.0,0.5773502691896258,0.4472135954999579,0.0
democrat,0.0,0.0,0.0,0.7071067811865475,0.0,0.0,0.3779644730092272,0.5,0.0,0.5,0.4082482904638631,0.0,0.5,0.0,0.0,0.4472135954999579,0.0,0.0,0.5773502691896258,0.4472135954999579,0.0
democrat,0.31622776601683794,0.3333333333333333,0.0,0.7071067811865475,0.0,0.0,0.0,0.0,0.0,0.5,0.0,0.5,0.5,0.0,0.0,0.4472135954999579,0.3779644730092272,0.4082482904638631,0.0,0.0,0.4472135954999579
democrat,0.0,0.3333333333333333,0.0,0.7071067811865475,0.0,0.0,0.3779644730092272,0.5,0.0,0.5,0.0,0.5,0.5,0.0,0.0,0.4472135954999579,0.3779644730092272,0.4082482904638631,0.0,0.0,0.4472135954999579
democrat,0.0,0.3333333333333333,0.0,0.7071067811865475,0.0,0.0,0.0,0.0,0.5,0.0,0.4082482904638631,0.0,0.0,0.7071067811865475,0.0,0.4472135954999579,0.3779644730092272,0.4082482904638631,0.0,0.4472135954999579,0.0
democrat,0.0,0.3333333333333333,0.0,0.7071067811865475,0.0,0.0,0.0,0.0,0.0,0.0,0.0,0.5,0.5,0.0,0.0,0.4472135954999579,0.3779644730092272,0.4082482904638631,0.0,0.4472135954999579,0.0
republican,0.31622776601683794,0.3333333333333333,0.5773502691896258,0.0,0.0,1.0,0.0,0.0,0.5,0.0,0.4082482904638631,0.0,0.0,0.7071067811865475,0.0,0.0,0.3779644730092272,0.4082482904638631,0.0,0.0,0.0
democrat,0.31622776601683794,0.3333333333333333,0.5773502691896258,0.0,0.0,0.0,0.0,0.0,0.0,0.0,0.4082482904638631,0.0,0.5,0.0,0.0,0.0,0.3779644730092272,0.4082482904638631,0.0,0.0,0.4472135954999579
democrat,0.0,0.3333333333333333,0.5773502691896258,0.0,0.0,1.0,0.3779644730092272,0.5,0.0,0.5,0.4082482904638631,0.0,0.0,0.7071067811865475,0.0,0.4472135954999579,0.0,0.4082482904638631,0.0,0.0,0.4472135954999579
republican,0.31622776601683794,0.3333333333333333,0.5773502691896258,0.0,0.0,1.0,0.0,0.0,0.5,0.0,0.4082482904638631,0.0,0.5,0.0,0.0,0.0,0.3779644730092272,0.4082482904638631,0.0,0.0,0.4472135954999579
democrat,0.0,0.3333333333333333,0.0,0.7071067811865475,0.0,0.0,0.3779644730092272,0.5,0.0,0.5,0.4082482904638631,0.0,0.0,0.7071067811865475,0.0,0.4472135954999579,0.0,0.4082482904638631,0.0,0.0,0.4472135954999579
democrat,0.0,0.0,0.0,0.7071067811865475,0.0,0.0,0.0,0.5,0.0,0.5,0.0,0.5,0.5,0.0,0.0,0.4472135954999579,0.0,0.0,0.5773502691896258,0.4472135954999579,0.0
republican,0.31622776601683794,0.3333333333333333,0.5773502691896258,0.0,0.0,1.0,0.0,0.0,0.5,0.0,0.0,0.5,0.5,0.0,0.0,0.0,0.3779644730092272,0.4082482904638631,0.0,0.0,0.0
democrat,0.0,0.0,0.0,0.7071067811865475,0.0,0.0,0.3779644730092272,0.5,0.0,0.5,0.4082482904638631,0.0,0.5,0.0,0.0,0.4472135954999579,0.0,0.0,0.5773502691896258,0.4472135954999579,0.0
democrat,0.0,0.0,0.0,0.7071067811865475,0.0,0.0,0.3779644730092272,0.5,0.0,0.5,0.4082482904638631,0.0,0.0,0.7071067811865475,0.0,0.4472135954999579,0.0,0.0,0.5773502691896258,0.4472135954999579,0.0
democrat,0.31622776601683794,0.0,0.0,0.7071067811865475,0.0,0.0,0.3779644730092272,0.5,0.0,0.5,0.4082482904638631,0.0,0.5,0.0,0.0,0.4472135954999579,0.0,0.0,0.5773502691896258,0.0,0.4472135954999579
democrat,0.31622776601683794,0.3333333333333333,0.0,0.7071067811865475,0.0,0.0,0.0,0.5,0.0,0.0,0.4082482904638631,0.0,0.0,0.7071067811865475,0.0,0.0,0.0,0.0,0.5773502691896258,0.0,0.4472135954999579
republican,0.31622776601683794,0.0,0.5773502691896258,0.0,0.0,1.0,0.0,0.0,0.5,0.0,0.0,0.5,0.0,0.7071067811865475,0.0,0.0,0.3779644730092272,0.4082482904638631,0.0,0.4472135954999579,0.0
democrat,0.31622776601683794,0.0,0.0,0.7071067811865475,0.0,0.0,0.0,0.5,0.5,0.0,0.4082482904638631,0.0,0.0,0.7071067811865475,0.0,0.4472135954999579,0.0,0.0,0.0,0.0,0.4472135954999579
democrat,0.0,0.0,0.0,0.7071067811865475,0.0,0.0,0.3779644730092272,0.5,0.0,0.5,0.4082482904638631,0.0,0.5,0.0,0.0,0.4472135954999579,0.0,0.0,0.5773502691896258,0.0,0.4472135954999579
democrat,0.0,0.0,0.0,0.7071067811865475,0.0,0.0,0.3779644730092272,0.5,0.0,0.5,0.0,0.5,0.5,0.0,0.0,0.4472135954999579,0.0,0.0,0.5773502691896258,0.0,0.4472135954999579
republican,0.0,0.0,0.5773502691896258,0.0,0.0,1.0,0.0,0.0,0.5,0.0,0.4082482904638631,0.0,0.0,0.7071067811865475,0.0,0.0,0.3779644730092272,0.4082482904638631,0.0,0.0,0.0
republican,0.31622776601683794,0.0,0.5773502691896258,0.0,0.0,1.0,0.0,0.0,0.5,0.0,0.0,0.5,0.0,0.7071067811865475,0.0,0.0,0.0,0.4082482904638631,0.0,0.0,0.4472135954999579
democrat,0.31622776601683794,0.0,0.0,0.7071067811865475,0.4472135954999579,0.0,0.0,0.5,0.0,0.5,0.0,0.5,0.0,0.7071067811865475,0.0,0.4472135954999579,0.0,0.0,0.5773502691896258,0.0,0.4472135954999579
democrat,0.31622776601683794,0.3333333333333333,0.0,0.7071067811865475,0.0,0.0,0.0,0.5,0.5,0.0,0.0,0.5,0.0,0.7071067811865475,0.0,0.4472135954999579,0.3779644730092272,0.0,0.5773502691896258,0.0,0.4472135954999579
republican,0.31622776601683794,0.0,0.5773502691896258,0.0,0.0,1.0,0.3779644730092272,0.5,0.0,0.5,0.0,0.5,0.5,0.0,0.0,0.4472135954999579,0.0,0.4082482904638631,0.0,0.0,0.4472135954999579
democrat,0.31622776601683794,0.0,0.0,0.7071067811865475,0.0,0.0,0.3779644730092272,0.5,0.0,0.5,0.0,0.5,0.0,0.7071067811865475,0.0,0.4472135954999579,0.0,0.0,0.5773502691896258,0.0,0.4472135954999579
republican,0.31622776601683794,0.0,0.5773502691896258,0.0,0.0,1.0,0.0,0.5,0.5,0.0,0.0,0.5,0.5,0.0,0.0,0.0,0.0,0.0,0.5773502691896258,0.0,0.4472135954999579
republican,0.31622776601683794,0.0,0.5773502691896258,0.0,0.0,1.0,0.0,0.0,0.5,0.0,0.0,0.5,0.5,0.0,0.0,0.0,0.3779644730092272,0.4082482904638631,0.0,0.0,0.4472135954999579
republican,0.0,0.0,0.5773502691896258,0.0,0.0,1.0,0.0,0.0,0.5,0.0,0.0,0.5,0.5,0.0,0.0,0.0,0.3779644730092272,0.4082482904638631,0.0,0.0,0.0
democrat,0.0,0.0,0.0,0.7071067811865475,0.0,0.0,0.3779644730092272,0.5,0.0,0.5,0.0,0.5,0.5,0.0,0.0,0.0,0.0,0.0,0.5773502691896258,0.4472135954999579,0.0
republican,0.31622776601683794,0.3333333333333333,0.0,0.7071067811865475,0.0,1.0,0.0,0.5,0.0,0.5,0.4082482904638631,0.0,0.5,0.0,0.0,0.0,0.3779644730092272,0.4082482904638631,0.0,0.0,0.4472135954999579
democrat,0.31622776601683794,0.3333333333333333,0.5773502691896258,0.0,0.0,0.0,0.0,0.5,0.0,0.5,0.4082482904638631,0.0,0.0,0.7071067811865475,0.0,0.4472135954999579,0.0,0.0,0.5773502691896258,0.0,0.4472135954999579
republican,0.31622776601683794,0.0,0.0,0.7071067811865475,0.0,1.0,0.0,0.5,0.0,0.5,0.0,0.5,0.5,0.0,0.0,0.0,0.3779644730092272,0.0,0.5773502691896258,0.0,0.4472135954999579
democrat,0.31622776601683794,0.3333333333333333,0.5773502691896258,0.0,0.0,1.0,0.0,0.5,0.0,0.5,0.4082482904638631,0.0,0.0,0.7071067811865475,0.0,0.4472135954999579,0.3779644730092272,0.0,0.5773502691896258,0.4472135954999579,0.0
republican,0.31622776601683794,0.0,0.0,0.7071067811865475,0.0,1.0,0.0,0.5,0.5,0.0,0.0,0.5,0.0,0.7071067811865475,0.0,0.0,0.3779644730092272,0.4082482904638631,0.0,0.0,0.4472135954999579
democrat,0.31622776601683794,0.3333333333333333,0.0,0.7071067811865475,0.0,0.0,0.0,0.5,0.0,0.5,0.0,0.5,0.5,0.0,0.5773502691896258,0.0,0.0,0.0,0.5773502691896258,0.0,0.4472135954999579
republican,0.0,0.0,0.0,0.7071067811865475,0.0,1.0,0.3779644730092272,0.0,0.0,0.5,0.0,0.5,0.5,0.0,0.0,0.4472135954999579,0.0,0.0,0.5773502691896258,0.0,0.4472135954999579
republican,0.31622776601683794,0.0,0.5773502691896258,0.0,0.0,1.0,0.0,0.0,0.5,0.0,0.4082482904638631,0.0,0.5,0.0,0.0,0.0,0.3779644730092272,0.4082482904638631,0.0,0.0,0.0
republican,0.31622776601683794,0.0,0.5773502691896258,0.0,0.0,1.0,0.0,0.0,0.5,0.0,0.4082482904638631,0.0,0.5,0.0,0.0,0.0,0.3779644730092272,0.4082482904638631,0.0,0.0,0.0
democrat,0.0,0.3333333333333333,0.0,0.7071067811865475,0.0,0.0,0.0,0.5,0.0,0.5,0.0,0.5,0.0,0.7071067811865475,0.0,0.0,0.3779644730092272,0.4082482904638631,0.0,0.4472135954999579,0.0
republican,0.31622776601683794,0.0,0.5773502691896258,0.0,0.0,1.0,0.0,0.0,0.5,0.0,0.0,0.5,0.0,0.0,0.0,0.0,0.3779644730092272,0.4082482904638631,0.0,0.0,0.4472135954999579
democrat,0.0,0.0,0.0,0.7071067811865475,0.0,0.0,0.0,0.5,0.0,0.5,0.0,0.5,0.5,0.0,0.0,0.4472135954999579,0.3779644730092272,0.4082482904638631,0.0,0.0,0.4472135954999579
democrat,0.0,0.0,0.0,0.7071067811865475,0.0,0.0,0.0,0.5,0.0,0.5,0.0,0.5,0.5,0.0,0.0,0.4472135954999579,0.3779644730092272,0.4082482904638631,0.0,0.4472135954999579,0.0
democrat,0.0,0.3333333333333333,0.0,0.7071067811865475,0.0,0.0,0.0,0.5,0.0,0.5,0.0,0.5,0.0,0.7071067811865475,0.0,0.0,0.3779644730092272,0.4082482904638631,0.0,0.0,0.4472135954999579
republican,0.0,0.3333333333333333,0.5773502691896258,0.0,0.0,1.0,0.0,0.0,0.5,0.0,0.0,0.5,0.0,0.7071067811865475,0.0,0.4472135954999579,0.3779644730092272,0.4082482904638631,0.0,0.0,0.0
republican,0.0,0.3333333333333333,0.5773502691896258,0.0,0.0,1.0,0.0,0.0,0.5,0.0,0.4082482904638631,0.0,0.0,0.7071067811865475,0.0,0.4472135954999579,0.3779644730092272,0.4082482904638631,0.0,0.0,0.4472135954999579
democrat,0.31622776601683794,0.3333333333333333,0.5773502691896258,0.0,0.0,0.0,0.0,0.0,0.5,0.0,0.0,0.5,0.0,0.7071067811865475,0.0,0.4472135954999579,0.3779644730092272,0.4082482904638631,0.0,0.0,0.0
democrat,0.0,0.0,0.0,0.7071067811865475,0.0,0.0,0.3779644730092272,0.5,0.5,0.0,0.0,0.5,0.0,0.7071067811865475,0.0,0.4472135954999579,0.0,0.4082482904638631,0.0,0.4472135954999579,0.0
democrat,0.0,0.3333333333333333,0.0,0.7071067811865475,0.0,0.0,0.0,0.5,0.5,0.0,0.0,0.5,0.0,0.7071067811865475,0.0,0.4472135954999579,0.0,0.0,0.5773502691896258,0.4472135954999579,0.0
democrat,0.31622776601683794,0.3333333333333333,0.0,0.7071067811865475,0.0,0.0,0.0,0.5,0.5,0.0,0.0,0.5,0.5,0.0,0.0,0.4472135954999579,0.0,0.0,0.5773502691896258,0.0,0.4472135954999579
republican,0.31622776601683794,0.3333333333333333,0.5773502691896258,0.0,0.0,1.0,0.0,0.0,0.5,0.0,0.4082482904638631,0.0,0.5,0.0,0.0,0.4472135954999579,0.3779644730092272,0.4082482904638631,0.0,0.0,0.4472135954999579
democrat,0.0,0.3333333333333333,0.0,0.7071067811865475,0.0,0.0,0.0,0.5,0.5,0.0,0.0,0.5,0.0,0.0,0.5773502691896258,0.0,0.0,0.0,0.5773502691896258,0.0,0.4472135954999579
democrat,0.0,0.3333333333333333,0.0,0.7071067811865475,0.0,0.0,0.3779644730092272,0.5,0.0,0.5,0.0,0.5,0.5,0.0,0.0,0.4472135954999579,0.0,0.0,0.5773502691896258,0.4472135954999579,0.0
democrat,0.31622776601683794,0.3333333333333333,0.0,0.7071067811865475,0.0,1.0,0.0,0.0,0.5,0.0,0.4082482904638631,0.0,0.0,0.7071067811865475,0.0,0.0,0.0,0.4082482904638631,0.0,0.0,0.0
democrat,0.31622776601683794,0.3333333333333333,0.0,0.7071067811865475,0.4472135954999579,0.0,0.0,0.0,0.5,0.0,0.0,0.5,0.0,0.0,0.0,0.4472135954999579,0.3779644730092272,0.0,0.0,0.0,0.4472135954999579
republican,0.31622776601683794,0.3333333333333333,0.5773502691896258,0.0,0.0,1.0,0.0,0.0,0.5,0.0,0.4082482904638631,0.0,0.5,0.0,0.0,0.0,0.3779644730092272,0.4082482904638631,0.0,0.0,0.4472135954999579
democrat,0.31622776601683794,0.3333333333333333,0.5773502691896258,0.0,0.0,1.0,0.0,0.0,0.5,0.0,0.4082482904638631,0.0,0.0,0.7071067811865475,0.0,0.0,0.0,0.4082482904638631,0.0,0.0,0.0
democrat,0.0,0.0,0.0,0.7071067811865475,0.0,0.0,0.3779644730092272,0.5,0.0,0.5,0.4082482904638631,0.0,0.0,0.7071067811865475,0.0,0.4472135954999579,0.0,0.0,0.5773502691896258,0.0,0.4472135954999579
republican,0.31622776601683794,0.3333333333333333,0.5773502691896258,0.0,0.0,1.0,0.0,0.0,0.5,0.0,0.4082482904638631,0.0,0.0,0.0,0.5773502691896258,0.0,0.3779644730092272,0.0,0.0,0.4472135954999579,0.0
republican,0.31622776601683794,0.0,0.5773502691896258,0.0,0.0,1.0,0.0,0.0,0.5,0.0,0.4082482904638631,0.0,0.5,0.0,0.0,0.0,0.3779644730092272,0.4082482904638631,0.0,0.0,0.4472135954999579
republican,0.31622776601683794,0.0,0.5773502691896258,0.0,0.0,1.0,0.0,0.0,0.5,0.0,0.4082482904638631,0.0,0.5,0.0,0.0,0.0,0.3779644730092272,0.4082482904638631,0.0,0.0,0.4472135954999579
democrat,0.0,0.3333333333333333,0.0,0.7071067811865475,0.0,0.0,0.0,0.0,0.0,0.5,0.4082482904638631,0.0,0.0,0.7071067811865475,0.0,0.4472135954999579,0.3779644730092272,0.0,0.5773502691896258,0.0,0.4472135954999579
democrat,0.0,0.3333333333333333,0.0,0.7071067811865475,0.0,0.0,0.0,0.5,0.0,0.5,0.0,0.5,0.0,0.7071067811865475,0.0,0.4472135954999579,0.3779644730092272,0.4082482904638631,0.0,0.4472135954999579,0.0
democrat,0.0,0.3333333333333333,0.5773502691896258,0.0,0.0,1.0,0.0,0.0,0.5,0.0,0.4082482904638631,0.0,0.0,0.7071067811865475,0.0,0.4472135954999579,0.3779644730092272,0.4082482904638631,0.0,0.4472135954999579,0.0
democrat,0.0,0.3333333333333333,0.0,0.7071067811865475,0.0,0.0,0.0,0.0,0.0,0.5,0.0,0.5,0.0,0.7071067811865475,0.0,0.4472135954999579,0.0,0.4082482904638631,0.0,0.0,0.4472135954999579
democrat,0.0,0.3333333333333333,0.0,0.7071067811865475,0.0,1.0,0.0,0.0,0.5,0.0,0.4082482904638631,0.0,0.0,0.7071067811865475,0.0,0.0,0.3779644730092272,0.4082482904638631,0.0,0.0,0.4472135954999579
democrat,0.0,0.3333333333333333,0.5773502691896258,0.0,0.0,0.0,0.0,0.0,0.5,0.0,0.4082482904638631,0.0,0.0,0.7071067811865475,0.0,0.0,0.3779644730092272,0.0,0.5773502691896258,0.0,0.0
democrat,0.31622776601683794,0.0,0.0,0.7071067811865475,0.0,0.0,0.0,0.0,0.5,0.0,0.4082482904638631,0.0,0.0,0.7071067811865475,0.0,0.4472135954999579,0.0,0.4082482904638631,0.0,0.4472135954999579,0.0
democrat,0.0,0.3333333333333333,0.0,0.7071067811865475,0.0,0.0,0.0,0.0,0.0,0.5,0.4082482904638631,0.0,0.0,0.7071067811865475,0.0,0.4472135954999579,0.0,0.4082482904638631,0.0,0.4472135954999579,0.0
democrat,0.0,0.0,0.0,0.7071067811865475,0.0,0.0,0.3779644730092272,0.5,0.0,0.5,0.0,0.0,0.0,0.7071067811865475,0.0,0.4472135954999579,0.0,0.0,0.5773502691896258,0.4472135954999579,0.0
democrat,0.0,0.0,0.5773502691896258,0.0,0.0,0.0,0.0,0.0,0.5,0.0,0.4082482904638631,0.0,0.0,0.7071067811865475,0.0,0.0,0.0,0.4082482904638631,0.0,0.4472135954999579,0.0
democrat,0.0,0.3333333333333333,0.5773502691896258,0.0,0.0,0.0,0.3779644730092272,0.0,0.0,0.5,0.4082482904638631,0.0,0.0,0.7071067811865475,0.0,0.4472135954999579,0.0,0.0,0.5773502691896258,0.0,0.0
republican,0.0,0.3333333333333333,0.5773502691896258,0.0,0.0,1.0,0.0,0.0,0.5,0.0,0.4082482904638631,0.0,0.0,0.7071067811865475,0.0,0.0,0.3779644730092272,0.4082482904638631,0.0,0.0,0.4472135954999579
republican,0.0,0.0,0.0,0.0,0.4472135954999579,0.0,0.0,0.0,0.0,0.5,0.4082482904638631,0.0,0.5,0.0,0.0,0.0,0.3779644730092272,0.4082482904638631,0.0,0.4472135954999579,0.0
democrat,0.0,0.3333333333333333,0.0,0.0,0.4472135954999579,0.0,0.0,0.0,0.5,0.0,0.4082482904638631,0.0,0.0,0.7071067811865475,0.0,0.4472135954999579,0.3779644730092272,0.4082482904638631,0.0,0.0,0.4472135954999579
democrat,0.0,0.3333333333333333,0.0,0.7071067811865475,0.4472135954999579,0.0,0.3779644730092272,0.0,0.5,0.0,0.4082482904638631,0.0,0.0,0.7071067811865475,0.5773502691896258,0.0,0.0,0.0,0.5773502691896258,0.0,0.4472135954999579
democrat,0.0,0.3333333333333333,0.0,0.7071067811865475,0.0,0.0,0.0,0.0,0.5,0.0,0.4082482904638631,0.0,0.0,0.7071067811865475,0.0,0.4472135954999579,0.3779644730092272,0.0,0.5773502691896258,0.0,0.4472135954999579
democrat,0.0,0.3333333333333333,0.5773502691896258,0.0,0.0,0.0,0.0,0.0,0.5,0.0,0.4082482904638631,0.0,0.0,0.7071067811865475,0.0,0.4472135954999579,0.3779644730092272,0.4082482904638631,0.0,0.0,0.4472135954999579
democrat,0.31622776601683794,0.3333333333333333,0.0,0.7071067811865475,0.0,0.0,0.0,0.0,0.5,0.0,0.4082482904638631,0.0,0.5,0.0,0.0,0.4472135954999579,0.0,0.4082482904638631,0.0,0.0,0.4472135954999579
republican,0.31622776601683794,0.3333333333333333,0.5773502691896258,0.0,0.0,1.0,0.0,0.0,0.5,0.0,0.0,0.5,0.5,0.0,0.0,0.0,0.3779644730092272,0.4082482904638631,0.0,0.0,0.0
republican,0.31622776601683794,0.3333333333333333,0.5773502691896258,0.0,0.0,1.0,0.0,0.0,0.5,0.0,0.4082482904638631,0.0,0.0,0.0,0.5773502691896258,0.0,0.0,0.4082482904638631,0.0,0.4472135954999579,0.0
republican,0.31622776601683794,0.3333333333333333,0.5773502691896258,0.0,0.0,1.0,0.0,0.0,0.5,0.0,0.0,0.5,0.0,0.7071067811865475,0.0,0.0,0.3779644730092272,0.4082482904638631,0.0,0.0,0.0
republican,0.0,0.0,0.0,0.7071067811865475,0.0,1.0,0.0,0.5,0.0,0.5,0.0,0.5,0.5,0.0,0.0,0.0,0.0,0.4082482904638631,0.0,0.0,0.4472135954999579
republican,0.31622776601683794,0.3333333333333333,0.5773502691896258,0.0,0.0,1.0,0.0,0.0,0.5,0.0,0.0,0.5,0.5,0.0,0.0,0.0,0.0,0.4082482904638631,0.0,0.0,0.0
republican,0.0,0.3333333333333333,0.5773502691896258,0.0,0.0,1.0,0.0,0.0,0.5,0.0,0.0,0.5,0.5,0.0,0.0,0.0,0.3779644730092272,0.4082482904638631,0.0,0.0,0.4472135954999579
republican,0.31622776601683794,0.0,0.5773502691896258,0.0,0.0,1.0,0.0,0.0,0.5,0.0,0.4082482904638631,0.0,0.5,0.0,0.0,0.0,0.3779644730092272,0.4082482904638631,0.0,0.0,0.4472135954999579
democrat,0.0,0.0,0.0,0.7071067811865475,0.0,0.0,0.0,0.0,0.0,0.5,0.0,0.5,0.5,0.0,0.0,0.4472135954999579,0.3779644730092272,0.4082482904638631,0.0,0.0,0.4472135954999579
democrat,0.0,0.0,0.0,0.7071067811865475,0.0,0.0,0.0,0.5,0.0,0.5,0.4082482904638631,0.0,0.5,0.0,0.0,0.0,0.0,0.0,0.5773502691896258,0.0,0.4472135954999579
republican,0.31622776601683794,0.0,0.5773502691896258,0.0,0.0,1.0,0.0,0.0,0.5,0.0,0.4082482904638631,0.0,0.5,0.0,0.0,0.0,0.3779644730092272,0.4082482904638631,0.0,0.0,0.0
republican,0.31622776601683794,0.0,0.5773502691896258,0.0,0.0,1.0,0.0,0.0,0.5,0.0,0.4082482904638631,0.0,0.0,0.7071067811865475,0.0,0.0,0.3779644730092272,0.4082482904638631,0.0,0.0,0.4472135954999579
democrat,0.0,0.0,0.0,0.7071067811865475,0.0,0.0,0.0,0.5,0.0,0.5,0.0,0.5,0.0,0.7071067811865475,0.0,0.4472135954999579,0.0,0.4082482904638631,0.0,0.0,0.4472135954999579
republican,0.31622776601683794,0.0,0.5773502691896258,0.0,0.0,1.0,0.0,0.0,0.5,0.0,0.0,0.5,0.5,0.0,0.0,0.0,0.3779644730092272,0.4082482904638631,0.0,0.0,0.4472135954999579
republican,0.0,0.3333333333333333,0.0,0.7071067811865475,0.0,1.0,0.0,0.5,0.5,0.0,0.0,0.5,0.0,0.0,0.5773502691896258,0.0,0.0,0.4082482904638631,0.0,0.0,0.4472135954999579
democrat,0.0,0.3333333333333333,0.0,0.7071067811865475,0.0,0.0,0.3779644730092272,0.5,0.0,0.5,0.4082482904638631,0.0,0.5,0.0,0.0,0.4472135954999579,0.0,0.4082482904638631,0.0,0.0,0.4472135954999579
democrat,0.31622776601683794,0.3333333333333333,0.0,0.7071067811865475,0.0,0.0,0.0,0.5,0.0,0.0,0.0,0.5,0.5,0.0,0.0,0.4472135954999579,0.0,0.4082482904638631,0.0,0.0,0.4472135954999579
republican,0.0,0.3333333333333333,0.5773502691896258,0.0,0.0,1.0,0.0,0.0,0.5,0.0,0.0,0.5,0.5,0.0,0.0,0.4472135954999579,0.3779644730092272,0.4082482904638631,0.0,0.0,0.4472135954999579
democrat,0.0,0.3333333333333333,0.0,0.7071067811865475,0.0,0.0,0.3779644730092272,0.5,0.0,0.5,0.0,0.5,0.0,0.7071067811865475,0.0,0.4472135954999579,0.3779644730092272,0.4082482904638631,0.0,0.0,0.4472135954999579
democrat,0.0,0.3333333333333333,0.0,0.7071067811865475,0.0,0.0,0.3779644730092272,0.5,0.5,0.0,0.0,0.5,0.5,0.0,0.0,0.4472135954999579,0.0,0.4082482904638631,0.0,0.0,0.4472135954999579
democrat,0.0,0.3333333333333333,0.0,0.7071067811865475,0.0,0.0,0.3779644730092272,0.5,0.0,0.5,0.4082482904638631,0.0,0.5,0.0,0.0,0.4472135954999579,0.0,0.4082482904638631,0.0,0.0,0.4472135954999579
republican,0.0,0.3333333333333333,0.0,0.7071067811865475,0.0,1.0,0.0,0.5,0.5,0.0,0.0,0.5,0.5,0.0,0.0,0.4472135954999579,0.3779644730092272,0.4082482904638631,0.0,0.0,0.4472135954999579
democrat,0.31622776601683794,0.3333333333333333,0.0,0.7071067811865475,0.0,0.0,0.0,0.5,0.5,0.0,0.4082482904638631,0.0,0.0,0.7071067811865475,0.0,0.4472135954999579,0.3779644730092272,0.0,0.5773502691896258,0.0,0.4472135954999579
democrat,0.31622776601683794,0.0,0.0,0.7071067811865475,0.0,0.0,0.0,0.5,0.0,0.5,0.4082482904638631,0.0,0.0,0.7071067811865475,0.0,0.4472135954999579,0.0,0.0,0.5773502691896258,0.0,0.4472135954999579
democrat,0.31622776601683794,0.3333333333333333,0.0,0.7071067811865475,0.0,0.0,0.0,0.5,0.0,0.5,0.4082482904638631,0.0,0.0,0.7071067811865475,0.0,0.4472135954999579,0.0,0.0,0.5773502691896258,0.0,0.4472135954999579
democrat,0.31622776601683794,0.3333333333333333,0.0,0.7071067811865475,0.0,0.0,0.0,0.5,0.0,0.5,0.0,0.5,0.0,0.7071067811865475,0.0,0.4472135954999579,0.0,0.0,0.5773502691896258,0.0,0.4472135954999579
democrat,0.31622776601683794,0.0,0.0,0.7071067811865475,0.0,0.0,0.3779644730092272,0.5,0.5,0.0,0.0,0.5,0.0,0.7071067811865475,0.0,0.4472135954999579,0.0,0.0,0.5773502691896258,0.4472135954999579,0.0
democrat,0.0,0.0,0.0,0.7071067811865475,0.0,0.0,0.3779644730092272,0.5,0.0,0.5,0.0,0.5,0.5,0.0,0.0,0.4472135954999579,0.0,0.0,0.5773502691896258,0.0,0.4472135954999579
republican,0.31622776601683794,0.0,0.5773502691896258,0.0,0.0,1.0,0.0,0.5,0.5,0.0,0.0,0.5,0.5,0.0,0.0,0.0,0.3779644730092272,0.4082482904638631,0.0,0.0,0.4472135954999579
democrat,0.0,0.0,0.0,0.0,0.0,0.0,0.3779644730092272,0.5,0.0,0.5,0.0,0.5,0.5,0.0,0.0,0.4472135954999579,0.3779644730092272,0.0,0.5773502691896258,0.0,0.4472135954999579
democrat,0.0,0.0,0.0,0.7071067811865475,0.0,0.0,0.3779644730092272,0.5,0.0,0.5,0.0,0.5,0.5,0.0,0.0,0.0,0.0,0.0,0.5773502691896258,0.0,0.4472135954999579
republican,0.31622776601683794,0.0,0.0,0.7071067811865475,0.0,1.0,0.0,0.0,0.0,0.5,0.0,0.5,0.5,0.0,0.0,0.0,0.3779644730092272,0.4082482904638631,0.0,0.0,0.4472135954999579
democrat,0.31622776601683794,0.0,0.0,0.7071067811865475,0.0,0.0,0.3779644730092272,0.5,0.0,0.5,0.0,0.5,0.5,0.0,0.0,0.4472135954999579,0.0,0.4082482904638631,0.0,0.0,0.4472135954999579
republican,0.31622776601683794,0.0,0.5773502691896258,0.0,0.0,1.0,0.0,0.0,0.5,0.0,0.4082482904638631,0.0,0.0,0.7071067811865475,0.0,0.0,0.3779644730092272,0.4082482904638631,0.0,0.0,0.4472135954999579
republican,0.31622776601683794,0.0,0.5773502691896258,0.0,0.0,1.0,0.0,0.0,0.0,0.0,0.0,0.0,0.5,0.0,0.0,0.0,0.3779644730092272,0.4082482904638631,0.0,0.0,0.4472135954999579
republican,0.31622776601683794,0.3333333333333333,0.5773502691896258,0.0,0.0,1.0,0.0,0.0,0.5,0.0,0.0,0.5,0.5,0.0,0.0,0.0,0.3779644730092272,0.0,0.0,0.0,0.0
