date,plant-stand,precip,area-damaged,seed-tmt,plant-growth,leaves,leafspots-marg,leafspot-size,leaf-shread,leaf-malf,leaf-mild,stem,canker-lesion,fruiting-bodies,int-discolor,fruit-pods,fruit-spots,seed-size,class
october,normal,gt-norm,low-areas,none,abnorm,abnorm,dna,dna,absent,absent,absent,abnorm,brown,present,none,norm,dna,norm,diaporthe-stem-canker
august,normal,gt-norm,scattered,fungicide,abnorm,abnorm,dna,dna,absent,absent,absent,abnorm,brown,present,none,norm,dna,norm,diaporthe-stem-canker
july,normal,gt-norm,scattered,fungicide,abnorm,abnorm,dna,dna,absent,absent,absent,abnorm,dna,present,none,norm,dna,norm,diaporthe-stem-canker
july,normal,gt-norm,scattered,none,abnorm,abnorm,dna,dna,absent,absent,absent,abnorm,dna,present,none,norm,dna,norm,diaporthe-stem-canker
october,normal,gt-norm,scattered,none,abnorm,abnorm,dna,dna,absent,absent,absent,abnorm,brown,present,none,norm,dna,norm,diaporthe-stem-canker
september,normal,gt-norm,scattered,none,abnorm,abnorm,dna,dna,absent,absent,absent,abnorm,dna,present,none,norm,dna,norm,diaporthe-stem-canker
september,normal,gt-norm,scattered,fungicide,abnorm,abnorm,dna,dna,absent,absent,absent,abnorm,brown,present,none,norm,dna,norm,diaporthe-stem-canker
august,normal,gt-norm,scattered,none,abnorm,abnorm,dna,dna,absent,absent,absent,abnorm,brown,present,none,norm,dna,norm,diaporthe-stem-canker
october,normal,gt-norm,scattered,fungicide,abnorm,abnorm,dna,dna,absent,absent,absent,abnorm,brown,present,none,norm,dna,norm,diaporthe-stem-canker
august,normal,gt-norm,scattered,none,abnorm,abnorm,dna,dna,absent,absent,absent,abnorm,brown,present,none,norm,dna,norm,diaporthe-stem-canker
october,normal,lt-norm,whole-field,fungicide,abnorm,abnorm,dna,dna,absent,absent,absent,abnorm,tan,absent,black,norm,dna,norm,charcoal-rot
august,normal,lt-norm,whole-field,fungicide,abnorm,abnorm,dna,dna,absent,absent,absent,abnorm,tan,absent,black,norm,dna,norm,charcoal-rot
july,normal,lt-norm,upper-areas,none,abnorm,abnorm,dna,dna,absent,absent,absent,abnorm,tan,absent,black,norm,dna,norm,charcoal-rot
october,normal,lt-norm,whole-field,fungicide,abnorm,abnorm,dna,dna,absent,absent,absent,abnorm,tan,absent,black,norm,dna,norm,charcoal-rot
october,normal,lt-norm,whole-field,fungicide,abnorm,abnorm,dna,dna,absent,absent,absent,abnorm,tan,absent,black,norm,dna,norm,charcoal-rot
september,normal,lt-norm,whole-field,fungicide,abnorm,abnorm,dna,dna,absent,absent,absent,abnorm,tan,absent,black,norm,dna,norm,charcoal-rot
october,normal,lt-norm,upper-areas,none,abnorm,abnorm,dna,dna,absent,absent,absent,abnorm,tan,absent,black,norm,dna,norm,charcoal-rot
august,normal,lt-norm,upper-areas,none,abnorm,abnorm,dna,dna,absent,absent,absent,abnorm,tan,absent,black,norm,dna,norm,charcoal-rot
july,normal,lt-norm,upper-areas,none,abnorm,abnorm,dna,dna,absent,absent,absent,abnorm,tan,absent,black,norm,dna,norm,charcoal-rot
september,normal,lt-norm,upper-areas,none,abnorm,abnorm,dna,dna,absent,absent,absent,abnorm,tan,absent,black,norm,dna,norm,charcoal-rot
may,lt-normal,gt-norm,low-areas,none,abnorm,norm,dna,dna,absent,absent,absent,abnorm,brown,absent,none,dna,dna,norm,rhizoctonia-root-rot
may,lt-normal,gt-norm,low-areas,none,abnorm,norm,dna,dna,absent,absent,absent,abnorm,brown,absent,none,dna,dna,norm,rhizoctonia-root-rot
july,normal,gt-norm,low-areas,none,abnorm,norm,dna,dna,absent,absent,absent,abnorm,brown,absent,none,dna,dna,norm,rhizoctonia-root-rot
april,lt-normal,gt-norm,low-areas,fungicide,abnorm,norm,dna,dna,absent,absent,absent,abnorm,brown,absent,none,dna,dna,norm,rhizoctonia-root-rot
april,lt-normal,gt-norm,low-areas,fungicide,abnorm,norm,dna,dna,absent,absent,absent,abnorm,brown,absent,none,dna,dna,norm,rhizoctonia-root-rot
may,lt-normal,gt-norm,low-areas,none,abnorm,norm,dna,dna,absent,absent,absent,abnorm,brown,absent,none,dna,dna,norm,rhizoctonia-root-rot
may,lt-normal,gt-norm,low-areas,none,abnorm,norm,dna,dna,absent,absent,absent,abnorm,brown,absent,none,dna,dna,norm,rhizoctonia-root-rot
june,lt-normal,gt-norm,low-areas,none,abnorm,norm,dna,dna,absent,absent,absent,abnorm,brown,absent,none,dna,dna,norm,rhizoctonia-root-rot
may,lt-normal,gt-norm,low-areas,none,abnorm,norm,dna,dna,absent,absent,absent,abnorm,brown,absent,none,dna,dna,norm,rhizoctonia-root-rot
june,lt-normal,gt-norm,low-areas,none,abnorm,norm,dna,dna,absent,absent,absent,abnorm,brown,absent,none,dna,dna,norm,rhizoctonia-root-rot
may,lt-normal,gt-norm,low-areas,?,abnorm,abnorm,dna,dna,absent,absent,absent,abnorm,dk-brown-blk,?,none,?,?,?,phytophthora-rot
june,lt-normal,gt-norm,low-areas,?,abnorm,abnorm,?,?,?,?,?,abnorm,dk-brown-blk,?,none,?,?,?,phytophthora-rot
june,lt-normal,gt-norm,low-areas,?,abnorm,abnorm,?,?,?,?,?,abnorm,dk-brown-blk,?,none,?,?,?,phytophthora-rot
july,lt-normal,gt-norm,low-areas,?,abnorm,abnorm,?,?,?,?,?,abnorm,dk-brown-blk,?,none,?,?,?,phytophthora-rot
june,lt-normal,norm,low-areas,?,abnorm,abnorm,dna,dna,absent,absent,absent,abnorm,dk-brown-blk,?,none,?,?,?,phytophthora-rot
june,lt-normal,gt-norm,low-areas,?,abnorm,abnorm,dna,dna,absent,absent,absent,abnorm,dk-brown-blk,?,none,?,?,?,phytophthora-rot
may,lt-normal,gt-norm,low-areas,?,abnorm,abnorm,?,?,?,?,?,abnorm,dk-brown-blk,?,none,?,?,?,phytophthora-rot
june,lt-normal,gt-norm,low-areas,?,abnorm,abnorm,?,?,?,?,?,abnorm,dk-brown-blk,?,none,?,?,?,phytophthora-rot
june,lt-normal,norm,low-areas,?,abnorm,abnorm,dna,dna,absent,absent,absent,abnorm,dk-brown-blk,?,none,?,?,?,phytophthora-rot
may,lt-normal,gt-norm,low-areas,?,abnorm,abnorm,dna,dna,absent,absent,absent,abnorm,dk-brown-blk,?,none,?,?,?,phytophthora-rot
july,lt-normal,gt-norm,low-areas,?,abnorm,abnorm,?,?,?,?,?,abnorm,dk-brown-blk,?,none,?,?,?,phytophthora-rot
june,lt-normal,gt-norm,low-areas,?,abnorm,abnorm,dna,dna,absent,absent,absent,abnorm,dk-brown-blk,?,none,?,?,?,phytophthora-rot
july,lt-normal,gt-norm,low-areas,?,abnorm,abnorm,?,?,?,?,?,abnorm,dk-brown-blk,?,none,?,?,?,phytophthora-rot
july,lt-normal,norm,low-areas,?,abnorm,abnorm,dna,dna,absent,absent,absent,abnorm,dk-brown-blk,?,none,?,?,?,phytophthora-rot
june,lt-normal,gt-norm,low-areas,?,abnorm,abnorm,?,?,?,?,?,abnorm,dk-brown-blk,?,none,?,?,?,phytophthora-rot
july,lt-normal,norm,low-areas,?,abnorm,abnorm,dna,dna,absent,absent,absent,abnorm,dk-brown-blk,?,none,?,?,?,phytophthora-rot
may,lt-normal,gt-norm,low-areas,?,abnorm,abnorm,?,?,?,?,?,abnorm,dk-brown-blk,?,none,?,?,?,phytophthora-rot
june,lt-normal,gt-norm,low-areas,?,abnorm,abnorm,dna,dna,absent,absent,absent,abnorm,dk-brown-blk,?,none,?,?,?,phytophthora-rot
july,lt-normal,norm,low-areas,?,abnorm,abnorm,dna,dna,absent,absent,absent,abnorm,dk-brown-blk,?,none,?,?,?,phytophthora-rot
july,lt-normal,norm,low-areas,?,abnorm,abnorm,dna,dna,absent,absent,absent,abnorm,dk-brown-blk,?,none,?,?,?,phytophthora-rot
june,lt-normal,gt-norm,low-areas,?,abnorm,abnorm,?,?,?,?,?,abnorm,dk-brown-blk,?,none,?,?,?,phytophthora-rot
july,lt-normal,gt-norm,low-areas,?,abnorm,abnorm,?,?,?,?,?,abnorm,dk-brown-blk,?,none,?,?,?,phytophthora-rot
july,lt-normal,gt-norm,low-areas,?,abnorm,abnorm,?,?,?,?,?,abnorm,dk-brown-blk,?,none,?,?,?,phytophthora-rot
july,lt-normal,gt-norm,low-areas,?,abnorm,abnorm,?,?,?,?,?,abnorm,dk-brown-blk,?,none,?,?,?,phytophthora-rot
august,normal,lt-norm,whole-field,fungicide,norm,abnorm,dna,dna,absent,absent,absent,abnorm,dna,absent,brown,norm,absent,norm,brown-stem-rot
august,normal,lt-norm,whole-field,fungicide,norm,abnorm,dna,dna,absent,absent,absent,abnorm,dna,absent,brown,norm,absent,norm,brown-stem-rot
july,lt-normal,lt-norm,scattered,fungicide,abnorm,norm,dna,dna,absent,absent,absent,abnorm,tan,absent,brown,norm,dna,norm,brown-stem-rot
september,normal,lt-norm,whole-field,fungicide,norm,abnorm,dna,dna,absent,absent,absent,abnorm,dna,absent,brown,norm,absent,norm,brown-stem-rot
september,normal,lt-norm,whole-field,fungicide,norm,abnorm,dna,dna,absent,absent,absent,abnorm,dna,absent,brown,norm,absent,norm,brown-stem-rot
august,normal,lt-norm,upper-areas,none,norm,abnorm,dna,dna,absent,absent,absent,abnorm,dna,absent,brown,norm,absent,norm,brown-stem-rot
september,normal,lt-norm,whole-field,none,abnorm,abnorm,w-s-marg,gt-1/8,absent,absent,absent,abnorm,tan,absent,brown,norm,dna,norm,brown-stem-rot
october,normal,norm,scattered,fungicide,abnorm,norm,dna,gt-1/8,absent,absent,absent,abnorm,tan,absent,brown,norm,dna,norm,brown-stem-rot
september,lt-normal,lt-norm,upper-areas,none,abnorm,abnorm,dna,dna,absent,absent,absent,abnorm,tan,absent,brown,norm,dna,norm,brown-stem-rot
september,lt-normal,lt-norm,whole-field,fungicide,abnorm,abnorm,w-s-marg,gt-1/8,absent,absent,absent,abnorm,tan,absent,brown,norm,dna,norm,brown-stem-rot
august,normal,norm,whole-field,fungicide,abnorm,norm,dna,dna,absent,absent,absent,abnorm,tan,absent,brown,norm,dna,norm,brown-stem-rot
august,lt-normal,lt-norm,upper-areas,fungicide,abnorm,abnorm,w-s-marg,gt-1/8,absent,absent,absent,abnorm,tan,absent,brown,norm,dna,norm,brown-stem-rot
august,normal,lt-norm,scattered,fungicide,norm,abnorm,dna,dna,absent,absent,absent,abnorm,dna,absent,brown,norm,absent,norm,brown-stem-rot
july,lt-normal,lt-norm,scattered,none,abnorm,abnorm,w-s-marg,gt-1/8,absent,absent,absent,abnorm,tan,absent,brown,norm,dna,norm,brown-stem-rot
september,normal,lt-norm,upper-areas,none,norm,abnorm,dna,dna,absent,absent,absent,abnorm,dna,absent,brown,norm,absent,norm,brown-stem-rot
august,normal,lt-norm,whole-field,fungicide,norm,abnorm,dna,dna,absent,absent,absent,abnorm,dna,absent,brown,norm,absent,norm,brown-stem-rot
august,normal,lt-norm,upper-areas,none,norm,abnorm,dna,dna,absent,absent,absent,abnorm,dna,absent,brown,norm,absent,norm,brown-stem-rot
august,normal,lt-norm,upper-areas,fungicide,norm,abnorm,dna,dna,absent,absent,absent,abnorm,dna,absent,brown,norm,absent,norm,brown-stem-rot
august,normal,lt-norm,upper-areas,none,norm,abnorm,dna,dna,absent,absent,absent,abnorm,dna,absent,brown,norm,absent,norm,brown-stem-rot
july,normal,lt-norm,upper-areas,none,norm,abnorm,dna,dna,absent,absent,absent,abnorm,dna,absent,brown,norm,absent,norm,brown-stem-rot
september,normal,lt-norm,whole-field,none,norm,abnorm,dna,dna,absent,absent,upper-surf,norm,dna,absent,none,norm,absent,norm,powdery-mildew
october,normal,norm,scattered,fungicide,norm,abnorm,dna,dna,absent,absent,upper-surf,norm,dna,absent,none,norm,absent,norm,powdery-mildew
may,lt-normal,lt-norm,whole-field,other,norm,abnorm,dna,dna,absent,absent,upper-surf,norm,dna,absent,none,norm,absent,norm,powdery-mildew
october,lt-normal,norm,upper-areas,fungicide,norm,abnorm,dna,dna,absent,absent,upper-surf,norm,dna,absent,none,norm,absent,norm,powdery-mildew
august,lt-normal,norm,upper-areas,other,norm,abnorm,dna,dna,absent,absent,upper-surf,norm,dna,absent,none,norm,absent,norm,powdery-mildew
october,normal,lt-norm,low-areas,none,norm,abnorm,dna,dna,absent,absent,upper-surf,norm,dna,absent,none,norm,absent,norm,powdery-mildew
june,lt-normal,norm,upper-areas,none,norm,abnorm,dna,dna,absent,absent,upper-surf,norm,dna,absent,none,norm,absent,norm,powdery-mildew
october,lt-normal,lt-norm,low-areas,fungicide,norm,abnorm,dna,dna,absent,absent,upper-surf,norm,dna,absent,none,norm,absent,norm,powdery-mildew
september,lt-normal,lt-norm,low-areas,none,norm,abnorm,dna,dna,absent,absent,upper-surf,norm,dna,absent,none,norm,absent,norm,powdery-mildew
may,lt-normal,lt-norm,low-areas,other,norm,abnorm,dna,dna,absent,absent,upper-surf,norm,dna,absent,none,norm,absent,norm,powdery-mildew
october,normal,gt-norm,low-areas,fungicide,norm,abnorm,w-s-marg,gt-1/8,absent,present,lower-surf,norm,dna,absent,none,norm,absent,norm,downy-mildew
june,normal,gt-norm,low-areas,fungicide,norm,abnorm,w-s-marg,gt-1/8,absent,present,lower-surf,norm,dna,absent,none,norm,absent,norm,downy-mildew
may,normal,gt-norm,upper-areas,none,norm,abnorm,w-s-marg,gt-1/8,absent,absent,lower-surf,norm,dna,absent,none,norm,absent,norm,downy-mildew
august,lt-normal,gt-norm,upper-areas,none,norm,abnorm,w-s-marg,gt-1/8,absent,present,lower-surf,norm,dna,absent,none,norm,absent,norm,downy-mildew
may,normal,gt-norm,scattered,none,norm,abnorm,w-s-marg,gt-1/8,absent,absent,lower-surf,norm,dna,absent,none,norm,absent,norm,downy-mildew
june,lt-normal,gt-norm,scattered,none,norm,abnorm,w-s-marg,gt-1/8,absent,absent,lower-surf,norm,dna,absent,none,norm,absent,norm,downy-mildew
june,lt-normal,gt-norm,scattered,none,norm,abnorm,w-s-marg,gt-1/8,absent,absent,lower-surf,norm,dna,absent,none,norm,absent,norm,downy-mildew
august,lt-normal,gt-norm,low-areas,fungicide,norm,abnorm,w-s-marg,gt-1/8,absent,absent,lower-surf,norm,dna,absent,none,norm,absent,norm,downy-mildew
august,lt-normal,gt-norm,upper-areas,none,norm,abnorm,w-s-marg,gt-1/8,absent,absent,lower-surf,norm,dna,absent,none,norm,absent,norm,downy-mildew
september,lt-normal,gt-norm,upper-areas,none,norm,abnorm,w-s-marg,gt-1/8,absent,absent,lower-surf,norm,dna,absent,none,norm,absent,norm,downy-mildew
may,lt-normal,gt-norm,whole-field,none,abnorm,abnorm,w-s-marg,gt-1/8,absent,absent,absent,norm,dna,absent,none,norm,absent,norm,brown-spot
june,normal,gt-norm,whole-field,fungicide,norm,abnorm,w-s-marg,gt-1/8,absent,absent,absent,norm,dna,absent,none,norm,absent,norm,brown-spot
june,normal,gt-norm,whole-field,fungicide,norm,abnorm,w-s-marg,gt-1/8,present,absent,absent,norm,dna,absent,none,norm,absent,norm,brown-spot
june,normal,gt-norm,scattered,other,norm,abnorm,w-s-marg,gt-1/8,present,absent,absent,norm,dna,absent,none,norm,absent,norm,brown-spot
may,lt-normal,gt-norm,whole-field,fungicide,abnorm,abnorm,w-s-marg,gt-1/8,absent,absent,absent,norm,dna,absent,none,norm,absent,norm,brown-spot
may,lt-normal,gt-norm,whole-field,none,norm,abnorm,w-s-marg,gt-1/8,present,absent,absent,norm,dna,absent,none,norm,absent,norm,brown-spot
april,lt-normal,gt-norm,whole-field,other,norm,abnorm,w-s-marg,gt-1/8,absent,absent,absent,norm,dna,absent,none,norm,absent,norm,brown-spot
june,normal,gt-norm,whole-field,none,norm,abnorm,w-s-marg,gt-1/8,present,absent,absent,norm,dna,absent,none,norm,absent,norm,brown-spot
may,normal,gt-norm,whole-field,fungicide,norm,abnorm,w-s-marg,gt-1/8,present,absent,absent,norm,dna,absent,none,norm,absent,norm,brown-spot
june,lt-normal,gt-norm,whole-field,none,norm,abnorm,w-s-marg,gt-1/8,present,absent,absent,norm,dna,absent,none,norm,absent,norm,brown-spot
september,normal,gt-norm,upper-areas,none,norm,abnorm,w-s-marg,gt-1/8,absent,absent,absent,abnorm,brown,present,none,norm,absent,norm,brown-spot
may,lt-normal,gt-norm,whole-field,fungicide,norm,abnorm,w-s-marg,gt-1/8,present,absent,absent,norm,dna,absent,none,norm,absent,norm,brown-spot
may,normal,gt-norm,whole-field,other,norm,abnorm,w-s-marg,gt-1/8,present,absent,absent,norm,dna,absent,none,norm,absent,norm,brown-spot
august,normal,gt-norm,whole-field,none,norm,abnorm,w-s-marg,gt-1/8,present,absent,absent,abnorm,brown,present,none,norm,absent,norm,brown-spot
may,normal,gt-norm,whole-field,none,norm,abnorm,w-s-marg,gt-1/8,present,absent,absent,norm,dna,absent,none,norm,absent,norm,brown-spot
august,lt-normal,gt-norm,whole-field,none,norm,abnorm,w-s-marg,gt-1/8,absent,absent,absent,abnorm,brown,present,none,norm,absent,norm,brown-spot
june,normal,gt-norm,whole-field,none,norm,abnorm,w-s-marg,gt-1/8,present,absent,absent,norm,dna,absent,none,norm,absent,norm,brown-spot
may,lt-normal,gt-norm,scattered,other,norm,abnorm,w-s-marg,gt-1/8,present,absent,absent,norm,dna,absent,none,norm,absent,norm,brown-spot
may,normal,gt-norm,whole-field,none,norm,abnorm,w-s-marg,gt-1/8,absent,absent,absent,abnorm,brown,present,none,norm,absent,norm,brown-spot
june,normal,gt-norm,whole-field,fungicide,norm,abnorm,w-s-marg,gt-1/8,present,absent,absent,norm,dna,absent,none,norm,absent,norm,brown-spot
july,normal,gt-norm,whole-field,other,norm,abnorm,w-s-marg,gt-1/8,absent,absent,absent,abnorm,tan,present,none,norm,absent,norm,brown-spot
june,lt-normal,gt-norm,low-areas,fungicide,abnorm,abnorm,w-s-marg,gt-1/8,absent,absent,absent,norm,dna,absent,none,norm,absent,norm,brown-spot
may,normal,gt-norm,whole-field,other,norm,abnorm,w-s-marg,gt-1/8,present,absent,absent,norm,dna,absent,none,norm,absent,norm,brown-spot
may,lt-normal,gt-norm,whole-field,none,norm,abnorm,w-s-marg,gt-1/8,present,absent,absent,norm,dna,absent,none,norm,absent,norm,brown-spot
september,normal,gt-norm,whole-field,none,norm,abnorm,w-s-marg,gt-1/8,present,absent,absent,abnorm,brown,present,none,norm,absent,norm,brown-spot
july,lt-normal,gt-norm,whole-field,none,norm,abnorm,w-s-marg,gt-1/8,present,absent,absent,abnorm,brown,present,none,norm,absent,norm,brown-spot
may,normal,gt-norm,whole-field,none,norm,abnorm,w-s-marg,gt-1/8,absent,absent,absent,norm,dna,absent,none,norm,absent,norm,brown-spot
august,normal,gt-norm,whole-field,fungicide,norm,abnorm,w-s-marg,gt-1/8,absent,absent,absent,abnorm,tan,present,none,norm,absent,norm,brown-spot
june,lt-normal,gt-norm,whole-field,none,norm,abnorm,w-s-marg,gt-1/8,absent,absent,absent,norm,dna,absent,none,norm,absent,norm,brown-spot
july,lt-normal,gt-norm,low-areas,none,norm,abnorm,w-s-marg,gt-1/8,absent,absent,absent,abnorm,brown,present,none,norm,absent,norm,brown-spot
july,normal,gt-norm,whole-field,other,norm,abnorm,w-s-marg,gt-1/8,absent,absent,absent,abnorm,tan,present,none,norm,absent,norm,brown-spot
june,normal,gt-norm,upper-areas,none,norm,abnorm,w-s-marg,gt-1/8,absent,absent,absent,abnorm,brown,present,none,norm,absent,norm,brown-spot
july,normal,gt-norm,low-areas,none,norm,abnorm,w-s-marg,gt-1/8,present,absent,absent,norm,dna,absent,none,norm,absent,norm,brown-spot
july,lt-normal,gt-norm,low-areas,none,norm,abnorm,w-s-marg,gt-1/8,present,absent,absent,abnorm,brown,present,none,norm,absent,norm,brown-spot
june,lt-normal,gt-norm,whole-field,other,norm,abnorm,w-s-marg,gt-1/8,present,absent,absent,norm,dna,absent,none,norm,absent,norm,brown-spot
september,lt-normal,gt-norm,whole-field,none,norm,abnorm,w-s-marg,gt-1/8,absent,absent,absent,abnorm,tan,present,none,norm,absent,norm,brown-spot
september,normal,gt-norm,whole-field,fungicide,norm,abnorm,w-s-marg,lt-1/8,present,absent,absent,norm,dna,absent,none,norm,absent,norm,bacterial-blight
august,normal,gt-norm,whole-field,fungicide,norm,abnorm,w-s-marg,lt-1/8,present,absent,absent,norm,dna,absent,none,norm,absent,norm,bacterial-blight
june,normal,norm,scattered,none,norm,abnorm,w-s-marg,lt-1/8,absent,absent,absent,norm,dna,absent,none,norm,absent,norm,bacterial-blight
july,normal,norm,upper-areas,none,norm,abnorm,w-s-marg,lt-1/8,present,absent,absent,norm,dna,absent,none,norm,absent,norm,bacterial-blight
july,normal,norm,upper-areas,none,norm,abnorm,w-s-marg,lt-1/8,present,present,absent,norm,dna,absent,none,norm,absent,norm,bacterial-blight
july,normal,gt-norm,low-areas,fungicide,norm,abnorm,w-s-marg,lt-1/8,present,absent,absent,norm,dna,absent,none,norm,absent,norm,bacterial-blight
july,normal,norm,scattered,none,norm,abnorm,w-s-marg,lt-1/8,present,absent,absent,norm,dna,absent,none,norm,absent,norm,bacterial-blight
august,normal,gt-norm,whole-field,fungicide,norm,abnorm,w-s-marg,lt-1/8,present,absent,absent,norm,dna,absent,none,norm,absent,norm,bacterial-blight
june,normal,norm,low-areas,none,norm,abnorm,w-s-marg,lt-1/8,present,absent,absent,norm,dna,absent,none,norm,absent,norm,bacterial-blight
august,lt-normal,gt-norm,low-areas,fungicide,norm,abnorm,w-s-marg,lt-1/8,present,absent,absent,norm,dna,absent,none,norm,absent,norm,bacterial-blight
june,lt-normal,norm,upper-areas,none,norm,abnorm,no-w-s-marg,lt-1/8,absent,absent,absent,norm,dna,absent,none,norm,absent,norm,bacterial-pustule
july,normal,gt-norm,whole-field,fungicide,abnorm,abnorm,no-w-s-marg,lt-1/8,present,absent,absent,norm,dna,absent,none,norm,absent,norm,bacterial-pustule
june,normal,norm,scattered,none,norm,abnorm,no-w-s-marg,lt-1/8,absent,absent,absent,norm,dna,absent,none,norm,absent,norm,bacterial-pustule
august,lt-normal,gt-norm,scattered,none,norm,abnorm,w-s-marg,lt-1/8,present,present,absent,norm,dna,absent,none,norm,absent,lt-norm,bacterial-pustule
july,normal,gt-norm,low-areas,none,norm,abnorm,no-w-s-marg,lt-1/8,present,absent,absent,norm,dna,absent,none,norm,absent,lt-norm,bacterial-pustule
july,lt-normal,norm,scattered,none,norm,abnorm,no-w-s-marg,lt-1/8,absent,absent,absent,norm,dna,absent,none,norm,absent,norm,bacterial-pustule
july,normal,norm,whole-field,none,abnorm,abnorm,no-w-s-marg,lt-1/8,present,absent,absent,norm,dna,absent,none,norm,absent,lt-norm,bacterial-pustule
july,lt-normal,gt-norm,upper-areas,none,norm,abnorm,no-w-s-marg,lt-1/8,present,absent,absent,norm,dna,absent,none,norm,absent,lt-norm,bacterial-pustule
august,normal,norm,whole-field,none,norm,abnorm,no-w-s-marg,lt-1/8,present,absent,absent,norm,dna,absent,none,norm,absent,lt-norm,bacterial-pustule
september,lt-normal,norm,scattered,fungicide,norm,abnorm,no-w-s-marg,lt-1/8,present,absent,absent,norm,dna,absent,none,norm,absent,norm,bacterial-pustule
october,normal,gt-norm,upper-areas,none,norm,norm,dna,dna,absent,absent,absent,abnorm,tan,absent,none,diseased,colored,norm,purple-seed-stain
october,normal,gt-norm,upper-areas,fungicide,norm,abnorm,w-s-marg,lt-1/8,absent,absent,absent,abnorm,tan,absent,none,diseased,colored,norm,purple-seed-stain
august,normal,gt-norm,low-areas,fungicide,norm,norm,dna,dna,absent,absent,absent,norm,tan,absent,none,norm,absent,norm,purple-seed-stain
august,normal,gt-norm,scattered,none,norm,abnorm,w-s-marg,lt-1/8,absent,absent,absent,norm,tan,absent,none,norm,absent,norm,purple-seed-stain
august,normal,gt-norm,scattered,none,norm,abnorm,w-s-marg,lt-1/8,absent,absent,absent,norm,tan,absent,none,norm,absent,norm,purple-seed-stain
october,normal,gt-norm,upper-areas,none,norm,abnorm,w-s-marg,lt-1/8,absent,absent,absent,abnorm,tan,absent,none,diseased,colored,norm,purple-seed-stain
july,normal,gt-norm,scattered,none,norm,norm,dna,dna,absent,absent,absent,norm,tan,absent,none,norm,absent,norm,purple-seed-stain
july,normal,gt-norm,whole-field,fungicide,norm,norm,dna,dna,absent,absent,absent,norm,tan,absent,none,norm,absent,norm,purple-seed-stain
september,normal,gt-norm,low-areas,none,norm,abnorm,w-s-marg,lt-1/8,absent,absent,absent,abnorm,tan,absent,none,diseased,colored,norm,purple-seed-stain
august,normal,gt-norm,scattered,fungicide,norm,norm,dna,dna,absent,absent,absent,abnorm,tan,absent,none,norm,absent,norm,purple-seed-stain
september,lt-normal,gt-norm,whole-field,fungicide,norm,norm,dna,dna,absent,absent,absent,abnorm,dk-brown-blk,absent,none,diseased,brown-w/blk-specks,norm,anthracnose
september,lt-normal,gt-norm,upper-areas,fungicide,norm,abnorm,dna,dna,absent,absent,absent,abnorm,brown,present,none,diseased,brown-w/blk-specks,norm,anthracnose
october,normal,gt-norm,low-areas,fungicide,norm,norm,dna,dna,absent,absent,absent,abnorm,dk-brown-blk,present,none,diseased,brown-w/blk-specks,lt-norm,anthracnose
june,lt-normal,gt-norm,scattered,none,abnorm,abnorm,dna,dna,absent,absent,absent,abnorm,brown,absent,none,norm,absent,norm,anthracnose
july,normal,gt-norm,whole-field,none,abnorm,abnorm,dna,dna,absent,absent,absent,abnorm,dk-brown-blk,present,none,diseased,brown-w/blk-specks,norm,anthracnose
august,lt-normal,gt-norm,upper-areas,none,abnorm,abnorm,dna,dna,absent,absent,absent,abnorm,brown,present,none,diseased,brown-w/blk-specks,norm,anthracnose
october,normal,gt-norm,upper-areas,none,norm,norm,dna,dna,absent,absent,absent,abnorm,dk-brown-blk,present,none,diseased,brown-w/blk-specks,lt-norm,anthracnose
may,normal,gt-norm,low-areas,fungicide,abnorm,abnorm,dna,dna,absent,absent,absent,abnorm,dk-brown-blk,absent,none,norm,absent,norm,anthracnose
october,lt-normal,gt-norm,upper-areas,fungicide,norm,norm,dna,dna,absent,absent,absent,abnorm,dk-brown-blk,present,none,diseased,brown-w/blk-specks,lt-norm,anthracnose
september,normal,gt-norm,low-areas,other,abnorm,abnorm,dna,dna,absent,absent,absent,abnorm,dk-brown-blk,present,none,diseased,brown-w/blk-specks,norm,anthracnose
september,lt-normal,gt-norm,whole-field,fungicide,abnorm,abnorm,dna,dna,absent,absent,absent,abnorm,dk-brown-blk,present,none,diseased,brown-w/blk-specks,norm,anthracnose
april,normal,gt-norm,whole-field,fungicide,abnorm,abnorm,dna,dna,absent,absent,absent,abnorm,dk-brown-blk,absent,none,norm,absent,lt-norm,anthracnose
october,normal,gt-norm,upper-areas,none,abnorm,abnorm,dna,dna,absent,absent,absent,abnorm,brown,present,none,diseased,brown-w/blk-specks,lt-norm,anthracnose
september,lt-normal,gt-norm,low-areas,none,norm,norm,dna,dna,absent,absent,absent,abnorm,dk-brown-blk,absent,none,diseased,brown-w/blk-specks,lt-norm,anthracnose
september,normal,gt-norm,upper-areas,none,norm,norm,dna,dna,absent,absent,absent,abnorm,dk-brown-blk,present,none,diseased,brown-w/blk-specks,norm,anthracnose
october,lt-normal,gt-norm,scattered,none,norm,abnorm,dna,dna,absent,absent,absent,abnorm,brown,present,none,diseased,brown-w/blk-specks,norm,anthracnose
september,normal,gt-norm,low-areas,none,norm,norm,dna,dna,absent,absent,absent,abnorm,dk-brown-blk,present,none,diseased,brown-w/blk-specks,lt-norm,anthracnose
october,lt-normal,gt-norm,whole-field,other,norm,abnorm,dna,dna,absent,absent,absent,abnorm,dk-brown-blk,present,none,diseased,brown-w/blk-specks,norm,anthracnose
september,lt-normal,gt-norm,whole-field,none,norm,norm,dna,dna,absent,absent,absent,abnorm,dk-brown-blk,absent,none,diseased,brown-w/blk-specks,lt-norm,anthracnose
september,lt-normal,gt-norm,upper-areas,fungicide,norm,norm,dna,dna,absent,absent,absent,abnorm,dk-brown-blk,absent,none,diseased,brown-w/blk-specks,lt-norm,anthracnose
july,normal,lt-norm,upper-areas,none,norm,abnorm,w-s-marg,gt-1/8,absent,present,absent,norm,dna,absent,none,norm,absent,norm,phyllosticta-leaf-spot
july,normal,lt-norm,scattered,none,norm,abnorm,w-s-marg,gt-1/8,absent,absent,absent,norm,dna,absent,none,norm,absent,norm,phyllosticta-leaf-spot
july,lt-normal,norm,upper-areas,fungicide,norm,abnorm,w-s-marg,gt-1/8,present,present,absent,norm,dna,absent,none,norm,absent,norm,phyllosticta-leaf-spot
june,normal,lt-norm,whole-field,other,norm,abnorm,w-s-marg,gt-1/8,absent,absent,absent,norm,dna,absent,none,norm,absent,norm,phyllosticta-leaf-spot
may,normal,lt-norm,upper-areas,fungicide,norm,abnorm,w-s-marg,gt-1/8,present,present,absent,norm,dna,absent,none,norm,absent,norm,phyllosticta-leaf-spot
june,lt-normal,norm,upper-areas,fungicide,norm,abnorm,w-s-marg,gt-1/8,absent,present,absent,norm,dna,absent,none,norm,absent,norm,phyllosticta-leaf-spot
june,normal,lt-norm,scattered,fungicide,abnorm,abnorm,w-s-marg,gt-1/8,present,absent,absent,norm,dna,absent,none,norm,absent,norm,phyllosticta-leaf-spot
june,lt-normal,norm,whole-field,other,norm,abnorm,w-s-marg,gt-1/8,present,absent,absent,norm,dna,absent,none,norm,absent,norm,phyllosticta-leaf-spot
august,lt-normal,gt-norm,low-areas,fungicide,norm,abnorm,w-s-marg,gt-1/8,absent,absent,absent,norm,dna,absent,none,norm,absent,norm,alternarialeaf-spot
august,normal,norm,whole-field,none,norm,abnorm,w-s-marg,gt-1/8,absent,absent,absent,norm,dna,absent,none,norm,absent,norm,alternarialeaf-spot
july,normal,gt-norm,scattered,none,norm,abnorm,w-s-marg,gt-1/8,absent,absent,absent,norm,dna,absent,none,norm,absent,norm,alternarialeaf-spot
october,normal,gt-norm,whole-field,fungicide,norm,abnorm,w-s-marg,gt-1/8,absent,absent,absent,norm,dna,absent,none,norm,absent,norm,alternarialeaf-spot
october,normal,norm,upper-areas,other,norm,abnorm,w-s-marg,gt-1/8,absent,absent,absent,norm,dna,absent,none,norm,absent,norm,alternarialeaf-spot
september,normal,gt-norm,whole-field,none,norm,abnorm,w-s-marg,gt-1/8,absent,absent,absent,norm,dna,absent,none,norm,absent,norm,alternarialeaf-spot
october,normal,norm,whole-field,fungicide,norm,abnorm,w-s-marg,gt-1/8,absent,absent,absent,norm,dna,absent,none,norm,absent,norm,alternarialeaf-spot
september,lt-normal,gt-norm,low-areas,none,norm,abnorm,w-s-marg,gt-1/8,absent,absent,absent,norm,dna,absent,none,norm,absent,norm,alternarialeaf-spot
october,normal,gt-norm,whole-field,fungicide,norm,abnorm,w-s-marg,gt-1/8,absent,absent,absent,norm,dna,absent,none,norm,absent,norm,alternarialeaf-spot
october,normal,gt-norm,upper-areas,fungicide,norm,abnorm,w-s-marg,gt-1/8,absent,absent,absent,norm,dna,absent,none,norm,absent,norm,alternarialeaf-spot
september,normal,gt-norm,whole-field,none,norm,abnorm,w-s-marg,gt-1/8,absent,absent,absent,norm,dna,absent,none,norm,absent,norm,alternarialeaf-spot
august,lt-normal,gt-norm,scattered,fungicide,norm,abnorm,w-s-marg,gt-1/8,absent,absent,absent,norm,dna,absent,none,norm,absent,norm,alternarialeaf-spot
october,normal,gt-norm,low-areas,fungicide,norm,abnorm,w-s-marg,gt-1/8,present,absent,absent,norm,dna,absent,none,norm,absent,norm,alternarialeaf-spot
september,normal,gt-norm,upper-areas,none,norm,abnorm,w-s-marg,gt-1/8,absent,absent,absent,norm,dna,absent,none,norm,absent,norm,alternarialeaf-spot
september,lt-normal,gt-norm,scattered,none,norm,abnorm,w-s-marg,gt-1/8,absent,absent,absent,norm,dna,absent,none,norm,absent,norm,alternarialeaf-spot
august,normal,gt-norm,upper-areas,none,norm,abnorm,w-s-marg,gt-1/8,absent,absent,absent,norm,dna,absent,none,norm,absent,norm,alternarialeaf-spot
august,normal,gt-norm,low-areas,fungicide,norm,abnorm,w-s-marg,gt-1/8,present,absent,absent,norm,dna,absent,none,norm,absent,norm,alternarialeaf-spot
september,normal,gt-norm,low-areas,none,norm,abnorm,w-s-marg,gt-1/8,absent,absent,absent,norm,dna,absent,none,norm,absent,norm,alternarialeaf-spot
october,normal,gt-norm,upper-areas,fungicide,norm,abnorm,w-s-marg,gt-1/8,absent,absent,absent,norm,dna,absent,none,norm,absent,norm,alternarialeaf-spot
october,lt-normal,gt-norm,low-areas,fungicide,norm,abnorm,w-s-marg,gt-1/8,absent,absent,absent,norm,dna,absent,none,norm,absent,norm,alternarialeaf-spot
september,lt-normal,gt-norm,low-areas,none,norm,abnorm,w-s-marg,gt-1/8,absent,absent,absent,norm,dna,absent,none,norm,absent,norm,alternarialeaf-spot
september,lt-normal,gt-norm,whole-field,fungicide,norm,abnorm,w-s-marg,gt-1/8,absent,absent,absent,norm,dna,absent,none,norm,absent,norm,alternarialeaf-spot
august,lt-normal,gt-norm,low-areas,none,norm,abnorm,w-s-marg,gt-1/8,present,absent,absent,norm,dna,absent,none,norm,absent,norm,alternarialeaf-spot
october,lt-normal,norm,upper-areas,other,norm,abnorm,w-s-marg,gt-1/8,absent,absent,absent,norm,dna,absent,none,norm,absent,norm,alternarialeaf-spot
august,lt-normal,gt-norm,upper-areas,fungicide,norm,abnorm,w-s-marg,gt-1/8,absent,absent,absent,norm,dna,absent,none,norm,absent,norm,alternarialeaf-spot
october,lt-normal,gt-norm,low-areas,fungicide,norm,abnorm,w-s-marg,gt-1/8,absent,absent,absent,norm,dna,absent,none,norm,absent,norm,alternarialeaf-spot
august,lt-normal,gt-norm,whole-field,none,norm,abnorm,w-s-marg,gt-1/8,absent,absent,absent,norm,dna,absent,none,norm,absent,norm,alternarialeaf-spot
august,normal,gt-norm,whole-field,none,norm,abnorm,w-s-marg,gt-1/8,absent,absent,absent,norm,dna,absent,none,norm,absent,norm,alternarialeaf-spot
september,normal,gt-norm,whole-field,none,norm,abnorm,w-s-marg,gt-1/8,absent,absent,absent,norm,dna,absent,none,norm,absent,norm,alternarialeaf-spot
july,normal,gt-norm,scattered,none,norm,abnorm,w-s-marg,gt-1/8,absent,absent,absent,norm,dna,absent,none,norm,absent,norm,alternarialeaf-spot
september,normal,gt-norm,upper-areas,fungicide,norm,abnorm,w-s-marg,gt-1/8,present,absent,absent,norm,dna,absent,none,norm,absent,norm,alternarialeaf-spot
september,normal,gt-norm,low-areas,fungicide,norm,abnorm,w-s-marg,gt-1/8,absent,absent,absent,norm,dna,absent,none,norm,absent,norm,alternarialeaf-spot
august,normal,gt-norm,low-areas,none,norm,abnorm,w-s-marg,gt-1/8,absent,absent,absent,norm,dna,absent,none,norm,absent,norm,alternarialeaf-spot
september,lt-normal,gt-norm,whole-field,fungicide,norm,abnorm,w-s-marg,gt-1/8,present,absent,absent,norm,dna,absent,none,norm,absent,norm,alternarialeaf-spot
october,normal,gt-norm,low-areas,none,norm,abnorm,w-s-marg,gt-1/8,present,absent,absent,norm,dna,absent,none,norm,absent,norm,alternarialeaf-spot
september,normal,gt-norm,whole-field,none,norm,abnorm,w-s-marg,gt-1/8,absent,absent,absent,norm,dna,absent,none,norm,absent,norm,alternarialeaf-spot
october,normal,gt-norm,whole-field,none,norm,abnorm,w-s-marg,gt-1/8,absent,absent,absent,norm,dna,absent,none,norm,absent,norm,alternarialeaf-spot
september,lt-normal,gt-norm,low-areas,none,norm,abnorm,w-s-marg,gt-1/8,absent,absent,absent,norm,dna,absent,none,norm,absent,norm,alternarialeaf-spot
september,normal,gt-norm,scattered,fungicide,norm,abnorm,w-s-marg,gt-1/8,present,absent,absent,norm,dna,absent,none,norm,absent,norm,alternarialeaf-spot
october,normal,gt-norm,upper-areas,fungicide,norm,abnorm,w-s-marg,gt-1/8,present,absent,absent,norm,dna,absent,none,norm,absent,norm,alternarialeaf-spot
october,normal,norm,whole-field,none,norm,abnorm,w-s-marg,gt-1/8,absent,absent,absent,abnorm,dk-brown-blk,present,none,diseased,brown-w/blk-specks,norm,frog-eye-leaf-spot
september,normal,norm,low-areas,none,norm,abnorm,w-s-marg,gt-1/8,absent,absent,absent,abnorm,brown,absent,none,norm,absent,norm,frog-eye-leaf-spot
october,lt-normal,gt-norm,whole-field,fungicide,norm,abnorm,w-s-marg,gt-1/8,absent,absent,absent,abnorm,dk-brown-blk,absent,none,diseased,colored,norm,frog-eye-leaf-spot
july,normal,gt-norm,whole-field,fungicide,norm,abnorm,w-s-marg,gt-1/8,absent,absent,absent,abnorm,dk-brown-blk,absent,none,diseased,colored,norm,frog-eye-leaf-spot
september,normal,gt-norm,upper-areas,none,norm,abnorm,w-s-marg,gt-1/8,absent,absent,absent,abnorm,dk-brown-blk,absent,none,diseased,colored,norm,frog-eye-leaf-spot
september,normal,gt-norm,whole-field,fungicide,norm,abnorm,w-s-marg,gt-1/8,absent,absent,absent,abnorm,dk-brown-blk,absent,none,diseased,colored,norm,frog-eye-leaf-spot
september,normal,gt-norm,low-areas,fungicide,norm,abnorm,w-s-marg,gt-1/8,absent,absent,absent,abnorm,dk-brown-blk,absent,none,diseased,colored,norm,frog-eye-leaf-spot
august,normal,gt-norm,low-areas,fungicide,norm,abnorm,w-s-marg,gt-1/8,absent,absent,absent,abnorm,dk-brown-blk,absent,none,diseased,colored,norm,frog-eye-leaf-spot
august,normal,gt-norm,low-areas,fungicide,norm,abnorm,w-s-marg,gt-1/8,absent,absent,absent,abnorm,brown,absent,none,diseased,colored,norm,frog-eye-leaf-spot
july,lt-normal,gt-norm,upper-areas,none,norm,abnorm,w-s-marg,gt-1/8,absent,absent,absent,abnorm,dk-brown-blk,absent,none,diseased,colored,norm,frog-eye-leaf-spot
september,normal,gt-norm,scattered,none,norm,abnorm,w-s-marg,gt-1/8,absent,absent,absent,abnorm,brown,absent,none,diseased,colored,norm,frog-eye-leaf-spot
september,normal,gt-norm,low-areas,fungicide,norm,abnorm,w-s-marg,gt-1/8,absent,absent,absent,abnorm,dk-brown-blk,absent,none,diseased,colored,norm,frog-eye-leaf-spot
august,normal,gt-norm,upper-areas,none,norm,abnorm,w-s-marg,gt-1/8,absent,absent,absent,abnorm,dk-brown-blk,absent,none,diseased,colored,norm,frog-eye-leaf-spot
september,normal,gt-norm,low-areas,fungicide,norm,abnorm,w-s-marg,gt-1/8,absent,absent,absent,abnorm,dk-brown-blk,absent,none,diseased,colored,norm,frog-eye-leaf-spot
september,normal,gt-norm,scattered,none,norm,abnorm,w-s-marg,gt-1/8,absent,absent,absent,abnorm,brown,absent,none,diseased,colored,norm,frog-eye-leaf-spot
september,normal,norm,whole-field,other,norm,abnorm,w-s-marg,gt-1/8,absent,absent,absent,abnorm,dna,present,none,diseased,colored,norm,frog-eye-leaf-spot
september,normal,gt-norm,upper-areas,none,norm,abnorm,w-s-marg,gt-1/8,absent,absent,absent,abnorm,brown,absent,none,diseased,colored,norm,frog-eye-leaf-spot
october,lt-normal,gt-norm,low-areas,fungicide,norm,abnorm,w-s-marg,gt-1/8,absent,absent,absent,abnorm,dk-brown-blk,absent,none,diseased,colored,norm,frog-eye-leaf-spot
august,normal,gt-norm,scattered,none,norm,abnorm,w-s-marg,gt-1/8,absent,absent,absent,abnorm,dk-brown-blk,absent,none,diseased,colored,norm,frog-eye-leaf-spot
october,lt-normal,gt-norm,scattered,none,norm,abnorm,w-s-marg,gt-1/8,absent,absent,absent,abnorm,dk-brown-blk,absent,none,diseased,colored,norm,frog-eye-leaf-spot
september,lt-normal,gt-norm,whole-field,fungicide,norm,abnorm,w-s-marg,gt-1/8,absent,absent,absent,abnorm,dk-brown-blk,absent,none,diseased,colored,norm,frog-eye-leaf-spot
august,normal,gt-norm,whole-field,fungicide,norm,abnorm,w-s-marg,gt-1/8,absent,absent,absent,abnorm,brown,absent,none,diseased,colored,norm,frog-eye-leaf-spot
august,normal,gt-norm,whole-field,fungicide,norm,abnorm,w-s-marg,gt-1/8,absent,absent,absent,abnorm,dk-brown-blk,absent,none,diseased,colored,norm,frog-eye-leaf-spot
september,normal,gt-norm,upper-areas,none,norm,abnorm,w-s-marg,gt-1/8,absent,absent,absent,abnorm,dk-brown-blk,absent,none,diseased,colored,norm,frog-eye-leaf-spot
september,normal,gt-norm,scattered,none,norm,abnorm,w-s-marg,gt-1/8,absent,absent,absent,abnorm,dk-brown-blk,absent,none,diseased,colored,norm,frog-eye-leaf-spot
september,lt-normal,gt-norm,whole-field,fungicide,norm,abnorm,w-s-marg,gt-1/8,absent,absent,absent,abnorm,dk-brown-blk,absent,none,diseased,colored,norm,frog-eye-leaf-spot
september,normal,gt-norm,whole-field,?,norm,norm,?,?,?,?,?,abnorm,dna,present,none,diseased,brown-w/blk-specks,lt-norm,diaporthe-pod-&-stem-blight
october,normal,gt-norm,whole-field,?,norm,norm,?,?,?,?,?,abnorm,dna,present,none,diseased,brown-w/blk-specks,lt-norm,diaporthe-pod-&-stem-blight
september,normal,gt-norm,whole-field,?,norm,norm,?,?,?,?,?,abnorm,dna,present,none,diseased,brown-w/blk-specks,lt-norm,diaporthe-pod-&-stem-blight
may,lt-normal,norm,scattered,?,norm,norm,?,?,?,?,?,abnorm,dna,present,none,diseased,brown-w/blk-specks,lt-norm,diaporthe-pod-&-stem-blight
september,?,gt-norm,whole-field,?,norm,norm,?,?,?,?,?,abnorm,dna,present,none,diseased,brown-w/blk-specks,lt-norm,diaporthe-pod-&-stem-blight
september,normal,gt-norm,whole-field,?,norm,norm,?,?,?,?,?,abnorm,dna,present,none,diseased,brown-w/blk-specks,lt-norm,diaporthe-pod-&-stem-blight
june,?,?,low-areas,?,abnorm,abnorm,?,?,?,?,?,norm,?,?,?,few-present,?,lt-norm,cyst-nematode
july,?,?,upper-areas,?,abnorm,abnorm,?,?,?,?,?,norm,?,?,?,few-present,?,lt-norm,cyst-nematode
august,?,?,upper-areas,?,abnorm,abnorm,?,?,?,?,?,norm,?,?,?,few-present,?,lt-norm,cyst-nematode
july,?,?,low-areas,?,abnorm,abnorm,?,?,?,?,?,norm,?,?,?,few-present,?,lt-norm,cyst-nematode
july,?,?,low-areas,?,abnorm,abnorm,?,?,?,?,?,norm,?,?,?,few-present,?,lt-norm,cyst-nematode
august,?,?,low-areas,?,abnorm,abnorm,?,?,?,?,?,norm,?,?,?,few-present,?,lt-norm,cyst-nematode
?,?,?,?,?,?,abnorm,dna,dna,?,present,?,?,?,?,?,?,?,?,2-4-d-injury
may,lt-normal,?,scattered,?,abnorm,abnorm,no-w-s-marg,gt-1/8,absent,present,?,abnorm,?,?,?,dna,?,?,herbicide-injury
april,lt-normal,?,whole-field,?,abnorm,abnorm,dna,dna,absent,present,?,abnorm,?,?,?,dna,?,?,herbicide-injury
may,lt-normal,?,scattered,?,abnorm,abnorm,dna,dna,absent,present,?,abnorm,?,?,?,dna,?,?,herbicide-injury
may,lt-normal,?,whole-field,?,abnorm,abnorm,no-w-s-marg,gt-1/8,absent,present,?,abnorm,?,?,?,dna,?,?,herbicide-injury
october,normal,gt-norm,scattered,none,abnorm,abnorm,dna,dna,absent,absent,absent,abnorm,brown,present,none,norm,dna,norm,diaporthe-stem-canker
july,normal,gt-norm,scattered,fungicide,abnorm,abnorm,dna,dna,absent,absent,absent,abnorm,dna,present,none,norm,dna,norm,diaporthe-stem-canker
august,normal,gt-norm,scattered,none,abnorm,abnorm,dna,dna,absent,absent,absent,abnorm,brown,present,none,norm,dna,norm,diaporthe-stem-canker
september,normal,gt-norm,scattered,none,abnorm,abnorm,dna,dna,absent,absent,absent,abnorm,dna,present,none,norm,dna,norm,diaporthe-stem-canker
july,normal,gt-norm,scattered,none,abnorm,abnorm,dna,dna,absent,absent,absent,abnorm,dna,present,none,norm,dna,norm,diaporthe-stem-canker
september,normal,gt-norm,scattered,fungicide,abnorm,abnorm,dna,dna,absent,absent,absent,abnorm,dna,present,none,norm,dna,norm,diaporthe-stem-canker
september,normal,gt-norm,low-areas,fungicide,abnorm,abnorm,dna,dna,absent,absent,absent,abnorm,dna,present,none,norm,dna,norm,diaporthe-stem-canker
july,normal,gt-norm,low-areas,none,abnorm,abnorm,dna,dna,absent,absent,absent,abnorm,dna,present,none,norm,dna,norm,diaporthe-stem-canker
august,normal,gt-norm,scattered,fungicide,abnorm,abnorm,dna,dna,absent,absent,absent,abnorm,dna,present,none,norm,dna,norm,diaporthe-stem-canker
october,normal,gt-norm,scattered,fungicide,abnorm,abnorm,dna,dna,absent,absent,absent,abnorm,brown,present,none,norm,dna,norm,diaporthe-stem-canker
august,normal,lt-norm,whole-field,fungicide,abnorm,abnorm,dna,dna,absent,absent,absent,abnorm,tan,absent,black,norm,dna,norm,charcoal-rot
september,normal,lt-norm,upper-areas,none,abnorm,abnorm,dna,dna,absent,absent,absent,abnorm,tan,absent,black,norm,dna,norm,charcoal-rot
august,normal,lt-norm,whole-field,fungicide,abnorm,abnorm,dna,dna,absent,absent,absent,abnorm,tan,absent,black,norm,dna,norm,charcoal-rot
september,normal,lt-norm,upper-areas,none,abnorm,abnorm,dna,dna,absent,absent,absent,abnorm,tan,absent,black,norm,dna,norm,charcoal-rot
september,normal,lt-norm,upper-areas,none,abnorm,abnorm,dna,dna,absent,absent,absent,abnorm,tan,absent,black,norm,dna,norm,charcoal-rot
july,normal,lt-norm,upper-areas,none,abnorm,abnorm,dna,dna,absent,absent,absent,abnorm,tan,absent,black,norm,dna,norm,charcoal-rot
august,normal,lt-norm,whole-field,fungicide,abnorm,abnorm,dna,dna,absent,absent,absent,abnorm,tan,absent,black,norm,dna,norm,charcoal-rot
september,normal,lt-norm,upper-areas,none,abnorm,abnorm,dna,dna,absent,absent,absent,abnorm,tan,absent,black,norm,dna,norm,charcoal-rot
october,normal,lt-norm,whole-field,fungicide,abnorm,abnorm,dna,dna,absent,absent,absent,abnorm,tan,absent,black,norm,dna,norm,charcoal-rot
october,normal,lt-norm,whole-field,fungicide,abnorm,abnorm,dna,dna,absent,absent,absent,abnorm,tan,absent,black,norm,dna,norm,charcoal-rot
april,lt-normal,gt-norm,low-areas,none,abnorm,norm,dna,dna,absent,absent,absent,abnorm,brown,absent,none,dna,dna,norm,rhizoctonia-root-rot
april,lt-normal,gt-norm,low-areas,none,abnorm,norm,dna,dna,absent,absent,absent,abnorm,brown,absent,none,dna,dna,norm,rhizoctonia-root-rot
april,lt-normal,gt-norm,low-areas,fungicide,abnorm,norm,dna,dna,absent,absent,absent,abnorm,brown,absent,none,dna,dna,norm,rhizoctonia-root-rot
june,lt-normal,gt-norm,low-areas,none,abnorm,norm,dna,dna,absent,absent,absent,abnorm,brown,absent,none,dna,dna,norm,rhizoctonia-root-rot
may,lt-normal,gt-norm,low-areas,none,abnorm,norm,dna,dna,absent,absent,absent,abnorm,brown,absent,none,dna,dna,norm,rhizoctonia-root-rot
june,lt-normal,gt-norm,low-areas,none,abnorm,norm,dna,dna,absent,absent,absent,abnorm,brown,absent,none,dna,dna,norm,rhizoctonia-root-rot
june,lt-normal,gt-norm,low-areas,none,abnorm,norm,dna,dna,absent,absent,absent,abnorm,brown,absent,none,dna,dna,norm,rhizoctonia-root-rot
august,normal,gt-norm,low-areas,none,abnorm,abnorm,dna,dna,absent,absent,absent,abnorm,brown,absent,none,dna,dna,norm,rhizoctonia-root-rot
april,lt-normal,gt-norm,low-areas,fungicide,abnorm,norm,dna,dna,absent,absent,absent,abnorm,brown,absent,none,dna,dna,norm,rhizoctonia-root-rot
june,lt-normal,gt-norm,low-areas,none,abnorm,norm,dna,dna,absent,absent,absent,abnorm,brown,absent,none,dna,dna,norm,rhizoctonia-root-rot
july,lt-normal,norm,low-areas,?,abnorm,abnorm,dna,dna,absent,absent,absent,abnorm,dk-brown-blk,?,none,?,?,?,phytophthora-rot
july,lt-normal,norm,low-areas,?,abnorm,abnorm,dna,dna,absent,absent,absent,abnorm,dk-brown-blk,?,none,?,?,?,phytophthora-rot
april,lt-normal,gt-norm,low-areas,?,abnorm,abnorm,?,?,?,?,?,abnorm,dk-brown-blk,?,none,?,?,?,phytophthora-rot
may,lt-normal,gt-norm,low-areas,?,abnorm,abnorm,?,?,?,?,?,abnorm,dk-brown-blk,?,none,?,?,?,phytophthora-rot
may,lt-normal,gt-norm,low-areas,?,abnorm,abnorm,?,?,?,?,?,abnorm,dk-brown-blk,?,none,?,?,?,phytophthora-rot
august,lt-normal,norm,low-areas,?,abnorm,abnorm,?,?,?,?,?,abnorm,dk-brown-blk,?,none,?,?,?,phytophthora-rot
may,lt-normal,gt-norm,low-areas,?,abnorm,abnorm,?,?,?,?,?,abnorm,dk-brown-blk,?,none,?,?,?,phytophthora-rot
june,lt-normal,gt-norm,low-areas,?,abnorm,abnorm,?,?,?,?,?,abnorm,dk-brown-blk,?,none,?,?,?,phytophthora-rot
july,lt-normal,gt-norm,low-areas,?,abnorm,abnorm,?,?,?,?,?,abnorm,dk-brown-blk,?,none,?,?,?,phytophthora-rot
august,lt-normal,norm,low-areas,?,abnorm,abnorm,?,?,?,?,?,abnorm,dk-brown-blk,?,none,?,?,?,phytophthora-rot
may,lt-normal,gt-norm,low-areas,?,abnorm,abnorm,?,?,?,?,?,abnorm,dk-brown-blk,?,none,?,?,?,phytophthora-rot
may,lt-normal,gt-norm,low-areas,?,abnorm,abnorm,?,?,?,?,?,abnorm,dk-brown-blk,?,none,?,?,?,phytophthora-rot
may,lt-normal,gt-norm,low-areas,?,abnorm,abnorm,?,?,?,?,?,abnorm,dk-brown-blk,?,none,?,?,?,phytophthora-rot
june,lt-normal,norm,low-areas,?,abnorm,abnorm,?,?,?,?,?,abnorm,dk-brown-blk,?,none,?,?,?,phytophthora-rot
july,lt-normal,norm,low-areas,?,abnorm,abnorm,?,?,?,?,?,abnorm,dk-brown-blk,?,none,?,?,?,phytophthora-rot
july,lt-normal,norm,low-areas,?,abnorm,abnorm,?,?,?,?,?,abnorm,dk-brown-blk,?,none,?,?,?,phytophthora-rot
may,lt-normal,gt-norm,low-areas,?,abnorm,abnorm,?,?,?,?,?,abnorm,dk-brown-blk,?,none,?,?,?,phytophthora-rot
june,lt-normal,gt-norm,low-areas,?,abnorm,abnorm,?,?,?,?,?,abnorm,dk-brown-blk,?,none,?,?,?,phytophthora-rot
july,lt-normal,norm,low-areas,?,abnorm,abnorm,?,?,?,?,?,abnorm,dk-brown-blk,?,none,?,?,?,phytophthora-rot
august,lt-normal,norm,low-areas,?,abnorm,abnorm,?,?,?,?,?,abnorm,dk-brown-blk,?,none,?,?,?,phytophthora-rot
may,lt-normal,gt-norm,low-areas,?,abnorm,abnorm,?,?,?,?,?,abnorm,dk-brown-blk,?,none,?,?,?,phytophthora-rot
june,lt-normal,gt-norm,low-areas,?,abnorm,abnorm,?,?,?,?,?,abnorm,dk-brown-blk,?,none,?,?,?,phytophthora-rot
july,lt-normal,norm,low-areas,?,abnorm,abnorm,?,?,?,?,?,abnorm,dk-brown-blk,?,none,?,?,?,phytophthora-rot
august,lt-normal,norm,low-areas,?,abnorm,abnorm,?,?,?,?,?,abnorm,dk-brown-blk,?,none,?,?,?,phytophthora-rot
may,lt-normal,gt-norm,low-areas,?,abnorm,abnorm,?,?,?,?,?,abnorm,dk-brown-blk,?,none,?,?,?,phytophthora-rot
june,lt-normal,gt-norm,low-areas,?,abnorm,abnorm,?,?,?,?,?,abnorm,dk-brown-blk,?,none,?,?,?,phytophthora-rot
july,lt-normal,norm,low-areas,?,abnorm,abnorm,?,?,?,?,?,abnorm,dk-brown-blk,?,none,?,?,?,phytophthora-rot
may,lt-normal,gt-norm,low-areas,?,abnorm,abnorm,?,?,?,?,?,abnorm,dk-brown-blk,?,none,?,?,?,phytophthora-rot
june,lt-normal,gt-norm,low-areas,?,abnorm,abnorm,?,?,?,?,?,abnorm,dk-brown-blk,?,none,?,?,?,phytophthora-rot
july,lt-normal,gt-norm,low-areas,?,abnorm,abnorm,?,?,?,?,?,abnorm,dk-brown-blk,?,none,?,?,?,phytophthora-rot
may,lt-normal,gt-norm,low-areas,?,abnorm,abnorm,?,?,?,?,?,abnorm,dk-brown-blk,?,none,?,?,?,phytophthora-rot
june,lt-normal,gt-norm,low-areas,?,abnorm,abnorm,?,?,?,?,?,abnorm,dk-brown-blk,?,none,?,?,?,phytophthora-rot
july,lt-normal,norm,low-areas,?,abnorm,abnorm,?,?,?,?,?,abnorm,dk-brown-blk,?,none,?,?,?,phytophthora-rot
august,lt-normal,norm,low-areas,?,abnorm,abnorm,?,?,?,?,?,abnorm,dk-brown-blk,?,none,?,?,?,phytophthora-rot
may,lt-normal,gt-norm,low-areas,?,abnorm,abnorm,?,?,?,?,?,abnorm,dk-brown-blk,?,none,?,?,?,phytophthora-rot
june,lt-normal,gt-norm,low-areas,?,abnorm,abnorm,?,?,?,?,?,abnorm,dk-brown-blk,?,none,?,?,?,phytophthora-rot
july,lt-normal,norm,low-areas,?,abnorm,abnorm,?,?,?,?,?,abnorm,dk-brown-blk,?,none,?,?,?,phytophthora-rot
august,lt-normal,norm,low-areas,?,abnorm,abnorm,?,?,?,?,?,abnorm,dk-brown-blk,?,none,?,?,?,phytophthora-rot
may,lt-normal,gt-norm,low-areas,?,abnorm,abnorm,?,?,?,?,?,abnorm,dk-brown-blk,?,none,?,?,?,phytophthora-rot
june,lt-normal,gt-norm,low-areas,?,abnorm,abnorm,?,?,?,?,?,abnorm,dk-brown-blk,?,none,?,?,?,phytophthora-rot
july,lt-normal,norm,low-areas,?,abnorm,abnorm,?,?,?,?,?,abnorm,dk-brown-blk,?,none,?,?,?,phytophthora-rot
june,lt-normal,norm,low-areas,?,abnorm,abnorm,?,?,?,?,?,abnorm,dk-brown-blk,?,none,?,?,?,phytophthora-rot
july,lt-normal,norm,low-areas,?,abnorm,abnorm,?,?,?,?,?,abnorm,dk-brown-blk,?,none,?,?,?,phytophthora-rot
july,lt-normal,norm,low-areas,?,abnorm,abnorm,?,?,?,?,?,abnorm,dk-brown-blk,?,none,?,?,?,phytophthora-rot
july,normal,lt-norm,scattered,none,abnorm,abnorm,w-s-marg,gt-1/8,absent,absent,absent,abnorm,tan,absent,brown,norm,dna,norm,brown-stem-rot
august,normal,norm,upper-areas,fungicide,abnorm,norm,dna,dna,absent,absent,absent,abnorm,tan,absent,brown,norm,dna,norm,brown-stem-rot
july,normal,lt-norm,upper-areas,none,abnorm,abnorm,w-s-marg,gt-1/8,absent,absent,absent,abnorm,tan,absent,brown,norm,dna,norm,brown-stem-rot
september,normal,lt-norm,scattered,none,abnorm,abnorm,w-s-marg,dna,absent,absent,absent,abnorm,tan,absent,brown,norm,dna,norm,brown-stem-rot
october,normal,lt-norm,low-areas,fungicide,abnorm,abnorm,w-s-marg,gt-1/8,absent,absent,absent,abnorm,tan,absent,brown,norm,dna,norm,brown-stem-rot
august,normal,norm,upper-areas,none,abnorm,norm,dna,dna,absent,absent,absent,abnorm,tan,absent,brown,norm,dna,norm,brown-stem-rot
september,normal,lt-norm,whole-field,none,norm,abnorm,dna,dna,absent,absent,absent,abnorm,dna,absent,brown,norm,absent,norm,brown-stem-rot
september,normal,lt-norm,scattered,fungicide,norm,abnorm,dna,dna,absent,absent,absent,abnorm,dna,absent,brown,norm,absent,norm,brown-stem-rot
august,normal,lt-norm,upper-areas,none,norm,abnorm,dna,dna,absent,absent,absent,abnorm,dna,absent,brown,norm,absent,norm,brown-stem-rot
september,normal,lt-norm,whole-field,none,norm,abnorm,dna,dna,absent,absent,absent,abnorm,dna,absent,brown,norm,absent,norm,brown-stem-rot
september,normal,lt-norm,upper-areas,fungicide,norm,abnorm,dna,dna,absent,absent,absent,abnorm,dna,absent,brown,norm,absent,norm,brown-stem-rot
july,lt-normal,norm,scattered,none,abnorm,norm,dna,dna,absent,absent,absent,abnorm,tan,absent,brown,norm,dna,norm,brown-stem-rot
september,lt-normal,norm,whole-field,none,abnorm,norm,dna,dna,absent,absent,absent,abnorm,tan,absent,brown,norm,dna,norm,brown-stem-rot
august,lt-normal,lt-norm,upper-areas,none,abnorm,abnorm,w-s-marg,gt-1/8,absent,absent,absent,abnorm,tan,absent,brown,norm,dna,norm,brown-stem-rot
september,lt-normal,norm,whole-field,fungicide,abnorm,norm,dna,dna,absent,absent,absent,abnorm,tan,absent,brown,norm,dna,norm,brown-stem-rot
august,lt-normal,norm,low-areas,fungicide,abnorm,norm,dna,dna,absent,absent,absent,abnorm,tan,absent,brown,norm,dna,norm,brown-stem-rot
october,lt-normal,norm,whole-field,fungicide,abnorm,norm,dna,dna,absent,absent,absent,abnorm,tan,absent,brown,norm,dna,norm,brown-stem-rot
july,normal,lt-norm,upper-areas,none,norm,abnorm,dna,dna,absent,absent,absent,abnorm,dna,absent,brown,norm,absent,norm,brown-stem-rot
september,normal,lt-norm,scattered,none,norm,abnorm,dna,dna,absent,absent,absent,abnorm,dna,absent,brown,norm,absent,norm,brown-stem-rot
july,normal,lt-norm,upper-areas,fungicide,norm,abnorm,dna,dna,absent,absent,absent,abnorm,dna,absent,brown,norm,absent,norm,brown-stem-rot
august,normal,lt-norm,whole-field,none,norm,abnorm,dna,dna,absent,absent,absent,abnorm,dna,absent,brown,norm,absent,norm,brown-stem-rot
september,normal,lt-norm,scattered,fungicide,norm,abnorm,dna,dna,absent,absent,absent,abnorm,dna,absent,brown,norm,absent,norm,brown-stem-rot
august,normal,lt-norm,scattered,none,norm,abnorm,dna,dna,absent,absent,absent,abnorm,dna,absent,brown,norm,absent,norm,brown-stem-rot
september,normal,lt-norm,upper-areas,fungicide,norm,abnorm,dna,dna,absent,absent,absent,abnorm,dna,absent,brown,norm,absent,norm,brown-stem-rot
may,normal,lt-norm,scattered,none,norm,abnorm,dna,dna,absent,absent,upper-surf,norm,dna,absent,none,norm,absent,norm,powdery-mildew
june,normal,norm,low-areas,fungicide,norm,abnorm,dna,dna,absent,absent,upper-surf,norm,dna,absent,none,norm,absent,norm,powdery-mildew
july,normal,gt-norm,upper-areas,none,norm,abnorm,dna,dna,absent,absent,upper-surf,norm,dna,absent,none,norm,absent,norm,powdery-mildew
august,normal,lt-norm,whole-field,none,norm,abnorm,dna,dna,absent,absent,upper-surf,norm,dna,absent,none,norm,absent,norm,powdery-mildew
september,normal,norm,scattered,none,norm,abnorm,dna,dna,absent,absent,upper-surf,norm,dna,absent,none,norm,absent,norm,powdery-mildew
august,normal,norm,upper-areas,fungicide,norm,abnorm,dna,dna,absent,absent,upper-surf,norm,dna,absent,none,norm,absent,norm,powdery-mildew
july,lt-normal,lt-norm,whole-field,fungicide,norm,abnorm,dna,dna,absent,absent,upper-surf,norm,dna,absent,none,norm,absent,norm,powdery-mildew
august,lt-normal,norm,scattered,other,norm,abnorm,dna,dna,absent,absent,upper-surf,norm,dna,absent,none,norm,absent,norm,powdery-mildew
june,lt-normal,norm,scattered,none,norm,abnorm,dna,dna,absent,absent,upper-surf,norm,dna,absent,none,norm,absent,norm,powdery-mildew
september,lt-normal,lt-norm,whole-field,none,norm,abnorm,dna,dna,absent,absent,upper-surf,norm,dna,absent,none,norm,absent,norm,powdery-mildew
july,normal,gt-norm,upper-areas,none,norm,abnorm,w-s-marg,gt-1/8,absent,absent,lower-surf,norm,dna,absent,none,norm,absent,norm,downy-mildew
august,normal,gt-norm,whole-field,fungicide,norm,abnorm,w-s-marg,gt-1/8,absent,present,lower-surf,norm,dna,absent,none,norm,absent,norm,downy-mildew
september,normal,gt-norm,scattered,none,norm,abnorm,w-s-marg,gt-1/8,absent,absent,lower-surf,norm,dna,absent,none,norm,absent,norm,downy-mildew
june,normal,gt-norm,whole-field,fungicide,norm,abnorm,w-s-marg,gt-1/8,absent,absent,lower-surf,norm,dna,absent,none,norm,absent,norm,downy-mildew
july,normal,gt-norm,scattered,none,norm,abnorm,w-s-marg,gt-1/8,absent,present,lower-surf,norm,dna,absent,none,norm,absent,norm,downy-mildew
october,lt-normal,gt-norm,whole-field,fungicide,norm,abnorm,w-s-marg,gt-1/8,absent,present,lower-surf,norm,dna,absent,none,norm,absent,norm,downy-mildew
july,lt-normal,gt-norm,low-areas,fungicide,norm,abnorm,w-s-marg,gt-1/8,absent,absent,lower-surf,norm,dna,absent,none,norm,absent,norm,downy-mildew
september,lt-normal,gt-norm,whole-field,fungicide,norm,abnorm,w-s-marg,gt-1/8,absent,absent,lower-surf,norm,dna,absent,none,norm,absent,norm,downy-mildew
july,lt-normal,gt-norm,low-areas,fungicide,norm,abnorm,w-s-marg,gt-1/8,absent,absent,lower-surf,norm,dna,absent,none,norm,absent,norm,downy-mildew
september,lt-normal,gt-norm,whole-field,fungicide,norm,abnorm,w-s-marg,gt-1/8,absent,absent,lower-surf,norm,dna,absent,none,norm,absent,norm,downy-mildew
may,lt-normal,gt-norm,upper-areas,none,norm,abnorm,w-s-marg,gt-1/8,absent,absent,absent,abnorm,brown,present,none,norm,absent,norm,brown-spot
june,normal,gt-norm,low-areas,none,norm,abnorm,w-s-marg,gt-1/8,present,absent,absent,norm,dna,absent,none,norm,absent,norm,brown-spot
july,normal,gt-norm,whole-field,none,norm,abnorm,w-s-marg,gt-1/8,absent,absent,absent,norm,dna,absent,none,norm,absent,norm,brown-spot
june,lt-normal,gt-norm,whole-field,none,norm,abnorm,w-s-marg,gt-1/8,present,absent,absent,norm,dna,absent,none,norm,absent,norm,brown-spot
june,normal,gt-norm,upper-areas,none,norm,abnorm,w-s-marg,gt-1/8,present,absent,absent,abnorm,brown,present,none,norm,absent,norm,brown-spot
september,normal,gt-norm,whole-field,fungicide,norm,abnorm,w-s-marg,gt-1/8,absent,absent,absent,abnorm,tan,present,none,norm,absent,norm,brown-spot
june,normal,gt-norm,whole-field,fungicide,norm,abnorm,w-s-marg,gt-1/8,present,absent,absent,norm,dna,absent,none,norm,absent,norm,brown-spot
may,normal,gt-norm,whole-field,other,norm,abnorm,w-s-marg,gt-1/8,present,absent,absent,norm,dna,absent,none,norm,absent,norm,brown-spot
june,normal,norm,upper-areas,other,norm,abnorm,w-s-marg,gt-1/8,absent,absent,absent,norm,dna,absent,none,norm,absent,norm,brown-spot
april,normal,gt-norm,low-areas,other,abnorm,abnorm,w-s-marg,gt-1/8,absent,absent,absent,norm,dna,absent,none,norm,absent,norm,brown-spot
may,normal,norm,upper-areas,none,norm,abnorm,w-s-marg,gt-1/8,absent,absent,absent,norm,dna,absent,none,norm,absent,norm,brown-spot
may,normal,gt-norm,low-areas,none,norm,abnorm,w-s-marg,gt-1/8,absent,absent,absent,norm,dna,absent,none,norm,absent,norm,brown-spot
june,normal,gt-norm,upper-areas,none,norm,abnorm,w-s-marg,gt-1/8,present,absent,absent,norm,dna,absent,none,norm,absent,norm,brown-spot
july,lt-normal,gt-norm,whole-field,none,norm,abnorm,w-s-marg,gt-1/8,absent,absent,absent,abnorm,brown,present,none,norm,absent,norm,brown-spot
august,normal,gt-norm,low-areas,none,norm,abnorm,w-s-marg,gt-1/8,present,absent,absent,abnorm,brown,present,none,norm,absent,norm,brown-spot
september,normal,gt-norm,upper-areas,none,norm,abnorm,w-s-marg,gt-1/8,absent,absent,absent,abnorm,brown,present,none,norm,absent,norm,brown-spot
may,lt-normal,gt-norm,whole-field,none,norm,abnorm,w-s-marg,gt-1/8,present,absent,absent,norm,dna,absent,none,norm,absent,norm,brown-spot
june,normal,gt-norm,whole-field,none,norm,abnorm,w-s-marg,gt-1/8,present,absent,absent,norm,dna,absent,none,norm,absent,norm,brown-spot
july,normal,gt-norm,whole-field,none,norm,abnorm,w-s-marg,gt-1/8,absent,absent,absent,abnorm,brown,present,none,norm,absent,norm,brown-spot
may,lt-normal,gt-norm,whole-field,none,norm,abnorm,w-s-marg,gt-1/8,present,absent,absent,norm,dna,absent,none,norm,absent,norm,brown-spot
june,normal,gt-norm,low-areas,none,norm,abnorm,w-s-marg,gt-1/8,present,absent,absent,norm,dna,absent,none,norm,absent,norm,brown-spot
july,normal,gt-norm,upper-areas,none,norm,abnorm,w-s-marg,gt-1/8,absent,absent,absent,abnorm,brown,present,none,norm,absent,norm,brown-spot
may,lt-normal,gt-norm,whole-field,none,norm,abnorm,w-s-marg,gt-1/8,present,absent,absent,norm,dna,absent,none,norm,absent,norm,brown-spot
june,normal,gt-norm,whole-field,none,norm,abnorm,w-s-marg,gt-1/8,present,absent,absent,norm,dna,absent,none,norm,absent,norm,brown-spot
july,normal,gt-norm,whole-field,none,norm,abnorm,w-s-marg,gt-1/8,present,absent,absent,abnorm,brown,present,none,norm,absent,norm,brown-spot
may,lt-normal,gt-norm,low-areas,none,norm,abnorm,w-s-marg,gt-1/8,present,absent,absent,norm,dna,absent,none,norm,absent,norm,brown-spot
june,normal,gt-norm,upper-areas,none,norm,abnorm,w-s-marg,gt-1/8,present,absent,absent,norm,dna,absent,none,norm,absent,norm,brown-spot
july,normal,gt-norm,whole-field,none,norm,abnorm,w-s-marg,gt-1/8,absent,absent,absent,abnorm,brown,present,none,norm,absent,norm,brown-spot
august,lt-normal,gt-norm,low-areas,none,norm,abnorm,w-s-marg,gt-1/8,absent,absent,absent,abnorm,brown,present,none,norm,absent,norm,brown-spot
september,normal,gt-norm,upper-areas,none,norm,abnorm,w-s-marg,gt-1/8,absent,absent,absent,abnorm,brown,present,none,norm,absent,norm,brown-spot
may,normal,gt-norm,whole-field,none,norm,abnorm,w-s-marg,gt-1/8,present,absent,absent,norm,dna,absent,none,norm,absent,norm,brown-spot
june,lt-normal,gt-norm,whole-field,none,norm,abnorm,w-s-marg,gt-1/8,present,absent,absent,norm,dna,absent,none,norm,absent,norm,brown-spot
july,normal,gt-norm,low-areas,none,norm,abnorm,w-s-marg,gt-1/8,absent,absent,absent,abnorm,brown,present,none,norm,absent,norm,brown-spot
august,normal,gt-norm,whole-field,none,norm,abnorm,w-s-marg,gt-1/8,absent,absent,absent,abnorm,brown,present,none,norm,absent,norm,brown-spot
september,lt-normal,gt-norm,whole-field,none,norm,abnorm,w-s-marg,gt-1/8,absent,absent,absent,abnorm,brown,present,none,norm,absent,norm,brown-spot
may,normal,gt-norm,low-areas,none,norm,abnorm,w-s-marg,gt-1/8,absent,absent,absent,norm,dna,absent,none,norm,absent,norm,brown-spot
june,normal,gt-norm,upper-areas,none,norm,abnorm,w-s-marg,gt-1/8,absent,absent,absent,norm,dna,absent,none,norm,absent,norm,brown-spot
july,lt-normal,gt-norm,whole-field,none,norm,abnorm,w-s-marg,gt-1/8,present,absent,absent,abnorm,brown,present,none,norm,absent,norm,brown-spot
may,normal,gt-norm,low-areas,none,norm,abnorm,w-s-marg,gt-1/8,present,absent,absent,abnorm,brown,present,none,norm,absent,norm,brown-spot
june,normal,gt-norm,upper-areas,none,norm,abnorm,w-s-marg,gt-1/8,present,absent,absent,abnorm,brown,present,none,norm,absent,norm,brown-spot
july,lt-normal,gt-norm,whole-field,none,norm,abnorm,w-s-marg,gt-1/8,present,absent,absent,abnorm,brown,present,none,norm,absent,norm,brown-spot
may,normal,gt-norm,whole-field,none,norm,abnorm,w-s-marg,gt-1/8,present,absent,absent,abnorm,brown,present,none,norm,absent,norm,brown-spot
june,normal,gt-norm,upper-areas,none,norm,abnorm,w-s-marg,gt-1/8,present,absent,absent,abnorm,brown,present,none,norm,absent,norm,brown-spot
july,normal,gt-norm,low-areas,fungicide,norm,abnorm,w-s-marg,lt-1/8,present,absent,absent,norm,dna,absent,none,norm,absent,norm,bacterial-blight
august,lt-normal,norm,upper-areas,none,norm,abnorm,w-s-marg,lt-1/8,present,absent,absent,norm,dna,absent,none,norm,absent,norm,bacterial-blight
june,lt-normal,norm,scattered,none,norm,abnorm,w-s-marg,lt-1/8,absent,absent,absent,norm,dna,absent,none,norm,absent,norm,bacterial-blight
august,normal,norm,upper-areas,none,norm,abnorm,w-s-marg,lt-1/8,present,absent,absent,norm,dna,absent,none,norm,absent,norm,bacterial-blight
september,lt-normal,gt-norm,whole-field,fungicide,abnorm,abnorm,w-s-marg,lt-1/8,present,absent,absent,norm,dna,absent,none,norm,absent,norm,bacterial-blight
july,normal,norm,scattered,none,abnorm,abnorm,w-s-marg,lt-1/8,present,absent,absent,norm,dna,absent,none,norm,absent,norm,bacterial-blight
august,normal,gt-norm,low-areas,fungicide,norm,abnorm,w-s-marg,lt-1/8,absent,present,absent,norm,dna,absent,none,norm,absent,norm,bacterial-blight
july,normal,gt-norm,upper-areas,fungicide,abnorm,abnorm,w-s-marg,lt-1/8,present,absent,absent,norm,dna,absent,none,norm,absent,norm,bacterial-blight
august,lt-normal,norm,whole-field,none,norm,abnorm,w-s-marg,lt-1/8,present,absent,absent,norm,dna,absent,none,norm,absent,norm,bacterial-blight
september,normal,gt-norm,scattered,fungicide,abnorm,abnorm,w-s-marg,lt-1/8,present,absent,absent,norm,dna,absent,none,norm,absent,norm,bacterial-blight
july,normal,norm,whole-field,none,norm,abnorm,no-w-s-marg,lt-1/8,absent,absent,absent,norm,dna,absent,none,norm,absent,norm,bacterial-pustule
may,lt-normal,norm,scattered,fungicide,norm,abnorm,no-w-s-marg,lt-1/8,present,absent,absent,norm,dna,absent,none,norm,absent,lt-norm,bacterial-pustule
june,normal,norm,low-areas,none,norm,abnorm,no-w-s-marg,lt-1/8,present,absent,absent,norm,dna,absent,none,norm,absent,norm,bacterial-pustule
june,normal,gt-norm,low-areas,fungicide,norm,abnorm,no-w-s-marg,lt-1/8,present,absent,absent,norm,dna,absent,none,norm,absent,norm,bacterial-pustule
june,normal,gt-norm,whole-field,none,norm,abnorm,no-w-s-marg,lt-1/8,present,absent,absent,norm,dna,absent,none,norm,absent,norm,bacterial-pustule
may,normal,norm,low-areas,fungicide,norm,abnorm,w-s-marg,lt-1/8,present,absent,absent,norm,dna,absent,none,norm,absent,lt-norm,bacterial-pustule
june,lt-normal,gt-norm,upper-areas,fungicide,norm,abnorm,no-w-s-marg,lt-1/8,present,absent,absent,norm,dna,absent,none,norm,absent,norm,bacterial-pustule
september,normal,norm,low-areas,none,abnorm,abnorm,no-w-s-marg,lt-1/8,absent,present,absent,norm,dna,absent,none,norm,absent,norm,bacterial-pustule
june,lt-normal,gt-norm,upper-areas,none,norm,abnorm,no-w-s-marg,lt-1/8,present,present,absent,norm,dna,absent,none,norm,absent,norm,bacterial-pustule
september,normal,gt-norm,upper-areas,none,norm,abnorm,w-s-marg,lt-1/8,absent,absent,absent,norm,tan,absent,none,diseased,colored,norm,purple-seed-stain
october,normal,gt-norm,whole-field,fungicide,norm,abnorm,w-s-marg,lt-1/8,absent,absent,absent,abnorm,tan,absent,none,diseased,colored,norm,purple-seed-stain
september,normal,gt-norm,low-areas,fungicide,norm,abnorm,w-s-marg,lt-1/8,absent,absent,absent,norm,tan,absent,none,diseased,colored,norm,purple-seed-stain
august,normal,gt-norm,scattered,none,norm,abnorm,w-s-marg,lt-1/8,absent,absent,absent,norm,tan,absent,none,diseased,colored,norm,purple-seed-stain
september,normal,gt-norm,low-areas,none,norm,abnorm,w-s-marg,lt-1/8,absent,absent,absent,abnorm,tan,absent,none,diseased,colored,norm,purple-seed-stain
october,normal,gt-norm,upper-areas,none,norm,norm,dna,dna,absent,absent,absent,abnorm,tan,absent,none,diseased,colored,norm,purple-seed-stain
july,normal,gt-norm,whole-field,none,norm,norm,dna,dna,absent,absent,absent,norm,tan,absent,none,norm,absent,norm,purple-seed-stain
july,normal,gt-norm,whole-field,none,norm,norm,dna,dna,absent,absent,absent,norm,tan,absent,none,norm,absent,norm,purple-seed-stain
september,normal,gt-norm,low-areas,fungicide,norm,norm,dna,dna,absent,absent,absent,norm,tan,absent,none,norm,absent,norm,purple-seed-stain
october,normal,gt-norm,whole-field,fungicide,norm,abnorm,w-s-marg,lt-1/8,absent,absent,absent,abnorm,tan,absent,none,diseased,colored,norm,purple-seed-stain
april,normal,gt-norm,scattered,none,norm,abnorm,dna,dna,absent,absent,absent,abnorm,brown,absent,none,norm,absent,lt-norm,anthracnose
june,normal,gt-norm,upper-areas,other,abnorm,abnorm,dna,dna,absent,absent,absent,abnorm,brown,absent,none,norm,absent,lt-norm,anthracnose
august,normal,gt-norm,scattered,fungicide,norm,abnorm,dna,dna,absent,absent,absent,abnorm,brown,present,none,diseased,brown-w/blk-specks,lt-norm,anthracnose
may,normal,gt-norm,scattered,other,abnorm,abnorm,dna,dna,absent,absent,absent,abnorm,brown,absent,none,norm,absent,norm,anthracnose
august,lt-normal,gt-norm,low-areas,none,norm,abnorm,dna,dna,absent,absent,absent,abnorm,dk-brown-blk,present,none,diseased,brown-w/blk-specks,lt-norm,anthracnose
october,normal,gt-norm,whole-field,none,norm,norm,dna,dna,absent,absent,absent,abnorm,dk-brown-blk,present,none,diseased,brown-w/blk-specks,lt-norm,anthracnose
october,lt-normal,gt-norm,low-areas,fungicide,norm,norm,dna,dna,absent,absent,absent,abnorm,dk-brown-blk,present,none,diseased,brown-w/blk-specks,lt-norm,anthracnose
october,lt-normal,gt-norm,whole-field,none,norm,norm,dna,dna,absent,absent,absent,abnorm,dk-brown-blk,present,none,diseased,brown-w/blk-specks,lt-norm,anthracnose
september,lt-normal,gt-norm,upper-areas,none,norm,norm,dna,dna,absent,absent,absent,abnorm,dk-brown-blk,present,none,diseased,brown-w/blk-specks,lt-norm,anthracnose
september,normal,gt-norm,whole-field,fungicide,norm,norm,dna,dna,absent,absent,absent,abnorm,dk-brown-blk,present,none,diseased,brown-w/blk-specks,lt-norm,anthracnose
august,normal,gt-norm,upper-areas,fungicide,norm,norm,dna,dna,absent,absent,absent,abnorm,dk-brown-blk,absent,none,diseased,brown-w/blk-specks,norm,anthracnose
july,lt-normal,gt-norm,low-areas,fungicide,abnorm,abnorm,dna,dna,absent,absent,absent,abnorm,dk-brown-blk,present,none,diseased,brown-w/blk-specks,norm,anthracnose
august,lt-normal,gt-norm,low-areas,fungicide,abnorm,abnorm,dna,dna,absent,absent,absent,abnorm,dk-brown-blk,present,none,diseased,brown-w/blk-specks,norm,anthracnose
september,lt-normal,gt-norm,upper-areas,none,norm,abnorm,dna,dna,absent,absent,absent,abnorm,brown,present,none,diseased,brown-w/blk-specks,norm,anthracnose
october,lt-normal,gt-norm,whole-field,fungicide,norm,abnorm,dna,dna,absent,absent,absent,abnorm,dk-brown-blk,present,none,diseased,brown-w/blk-specks,norm,anthracnose
august,normal,gt-norm,low-areas,none,norm,norm,dna,dna,absent,absent,absent,abnorm,dk-brown-blk,absent,none,diseased,brown-w/blk-specks,norm,anthracnose
september,lt-normal,gt-norm,upper-areas,fungicide,norm,norm,dna,dna,absent,absent,absent,abnorm,dk-brown-blk,present,none,diseased,brown-w/blk-specks,lt-norm,anthracnose
october,normal,gt-norm,whole-field,none,norm,norm,dna,dna,absent,absent,absent,abnorm,dk-brown-blk,present,none,diseased,brown-w/blk-specks,lt-norm,anthracnose
august,lt-normal,gt-norm,low-areas,fungicide,norm,norm,dna,dna,absent,absent,absent,abnorm,dk-brown-blk,absent,none,diseased,brown-w/blk-specks,norm,anthracnose
september,normal,gt-norm,upper-areas,none,norm,norm,dna,dna,absent,absent,absent,abnorm,dk-brown-blk,present,none,diseased,brown-w/blk-specks,lt-norm,anthracnose
october,lt-normal,gt-norm,whole-field,fungicide,norm,norm,dna,dna,absent,absent,absent,abnorm,dk-brown-blk,present,none,diseased,brown-w/blk-specks,lt-norm,anthracnose
september,normal,gt-norm,whole-field,none,norm,norm,dna,dna,absent,absent,absent,abnorm,dk-brown-blk,present,none,diseased,brown-w/blk-specks,norm,anthracnose
september,lt-normal,gt-norm,low-areas,fungicide,norm,norm,dna,dna,absent,absent,absent,abnorm,dk-brown-blk,absent,none,diseased,brown-w/blk-specks,norm,anthracnose
september,normal,gt-norm,low-areas,none,norm,norm,dna,dna,absent,absent,absent,abnorm,dk-brown-blk,present,none,diseased,brown-w/blk-specks,norm,anthracnose
may,normal,lt-norm,scattered,none,norm,abnorm,w-s-marg,gt-1/8,absent,present,absent,norm,dna,absent,none,norm,absent,norm,phyllosticta-leaf-spot
july,normal,lt-norm,whole-field,none,abnorm,abnorm,w-s-marg,gt-1/8,absent,present,absent,norm,dna,absent,none,norm,absent,norm,phyllosticta-leaf-spot
june,normal,lt-norm,upper-areas,fungicide,norm,abnorm,w-s-marg,gt-1/8,present,absent,absent,norm,dna,absent,none,norm,absent,norm,phyllosticta-leaf-spot
june,normal,lt-norm,whole-field,none,norm,abnorm,w-s-marg,gt-1/8,present,absent,absent,norm,dna,absent,none,norm,absent,norm,phyllosticta-leaf-spot
july,lt-normal,norm,scattered,none,abnorm,abnorm,w-s-marg,gt-1/8,present,present,absent,norm,dna,absent,none,norm,absent,norm,phyllosticta-leaf-spot
august,lt-normal,norm,upper-areas,fungicide,abnorm,abnorm,w-s-marg,gt-1/8,present,present,absent,norm,dna,absent,none,norm,absent,norm,phyllosticta-leaf-spot
june,lt-normal,norm,scattered,fungicide,norm,abnorm,w-s-marg,gt-1/8,present,present,absent,norm,dna,absent,none,norm,absent,norm,phyllosticta-leaf-spot
august,lt-normal,norm,whole-field,fungicide,norm,abnorm,w-s-marg,gt-1/8,present,present,absent,norm,dna,absent,none,norm,absent,norm,phyllosticta-leaf-spot
october,normal,gt-norm,upper-areas,fungicide,norm,abnorm,w-s-marg,gt-1/8,absent,absent,absent,norm,dna,absent,none,norm,absent,norm,alternarialeaf-spot
september,normal,gt-norm,upper-areas,none,norm,abnorm,w-s-marg,gt-1/8,absent,absent,absent,norm,dna,absent,none,norm,absent,norm,alternarialeaf-spot
october,lt-normal,gt-norm,whole-field,fungicide,norm,abnorm,w-s-marg,gt-1/8,absent,absent,absent,norm,dna,absent,none,norm,absent,norm,alternarialeaf-spot
september,lt-normal,gt-norm,upper-areas,none,norm,abnorm,w-s-marg,gt-1/8,absent,absent,absent,norm,dna,absent,none,norm,absent,norm,alternarialeaf-spot
october,normal,gt-norm,whole-field,fungicide,norm,abnorm,w-s-marg,gt-1/8,absent,absent,absent,norm,dna,absent,none,norm,absent,norm,alternarialeaf-spot
september,normal,gt-norm,upper-areas,none,norm,abnorm,w-s-marg,gt-1/8,present,absent,absent,norm,dna,absent,none,norm,absent,norm,alternarialeaf-spot
october,normal,gt-norm,whole-field,fungicide,norm,abnorm,w-s-marg,gt-1/8,present,absent,absent,norm,dna,absent,none,norm,absent,norm,alternarialeaf-spot
september,normal,gt-norm,scattered,fungicide,norm,abnorm,w-s-marg,gt-1/8,present,absent,absent,norm,dna,absent,none,norm,absent,norm,alternarialeaf-spot
september,lt-normal,gt-norm,scattered,fungicide,norm,abnorm,w-s-marg,gt-1/8,absent,absent,absent,norm,dna,absent,none,norm,absent,norm,alternarialeaf-spot
september,lt-normal,gt-norm,low-areas,fungicide,norm,abnorm,w-s-marg,gt-1/8,absent,absent,absent,norm,dna,absent,none,norm,absent,norm,alternarialeaf-spot
august,normal,gt-norm,scattered,none,norm,abnorm,w-s-marg,gt-1/8,absent,absent,absent,norm,dna,absent,none,norm,absent,norm,alternarialeaf-spot
october,lt-normal,norm,low-areas,other,norm,abnorm,w-s-marg,gt-1/8,absent,absent,absent,norm,dna,absent,none,norm,absent,norm,alternarialeaf-spot
august,lt-normal,gt-norm,upper-areas,none,norm,abnorm,w-s-marg,gt-1/8,absent,absent,absent,norm,dna,absent,none,norm,absent,norm,alternarialeaf-spot
october,normal,norm,scattered,other,norm,abnorm,w-s-marg,gt-1/8,absent,absent,absent,norm,dna,absent,none,norm,absent,norm,alternarialeaf-spot
september,normal,gt-norm,upper-areas,fungicide,norm,abnorm,w-s-marg,gt-1/8,absent,absent,absent,norm,dna,absent,none,norm,absent,norm,alternarialeaf-spot
october,normal,norm,whole-field,other,norm,abnorm,w-s-marg,gt-1/8,absent,absent,absent,norm,dna,absent,none,norm,absent,norm,alternarialeaf-spot
august,lt-normal,gt-norm,scattered,none,norm,abnorm,w-s-marg,gt-1/8,absent,absent,absent,norm,dna,absent,none,norm,absent,norm,alternarialeaf-spot
september,lt-normal,norm,scattered,fungicide,norm,abnorm,w-s-marg,gt-1/8,absent,absent,absent,norm,dna,absent,none,norm,absent,norm,alternarialeaf-spot
october,normal,gt-norm,low-areas,other,norm,abnorm,w-s-marg,gt-1/8,absent,absent,absent,norm,dna,absent,none,norm,absent,norm,alternarialeaf-spot
september,lt-normal,norm,upper-areas,none,norm,abnorm,w-s-marg,gt-1/8,absent,absent,absent,norm,dna,absent,none,norm,absent,norm,alternarialeaf-spot
august,normal,gt-norm,scattered,none,norm,abnorm,w-s-marg,gt-1/8,absent,absent,absent,norm,dna,absent,none,norm,absent,norm,alternarialeaf-spot
september,normal,gt-norm,low-areas,fungicide,norm,abnorm,w-s-marg,gt-1/8,absent,absent,absent,norm,dna,absent,none,norm,absent,norm,alternarialeaf-spot
october,lt-normal,gt-norm,upper-areas,none,norm,abnorm,w-s-marg,gt-1/8,absent,absent,absent,norm,dna,absent,none,norm,absent,norm,alternarialeaf-spot
september,normal,gt-norm,whole-field,fungicide,norm,abnorm,w-s-marg,gt-1/8,absent,absent,absent,norm,dna,absent,none,norm,absent,norm,alternarialeaf-spot
september,normal,gt-norm,scattered,none,norm,abnorm,w-s-marg,gt-1/8,absent,absent,absent,norm,dna,absent,none,norm,absent,norm,alternarialeaf-spot
september,lt-normal,gt-norm,low-areas,fungicide,norm,abnorm,w-s-marg,gt-1/8,absent,absent,absent,norm,dna,absent,none,norm,absent,norm,alternarialeaf-spot
september,normal,gt-norm,whole-field,fungicide,norm,abnorm,w-s-marg,gt-1/8,absent,absent,absent,norm,dna,absent,none,norm,absent,norm,alternarialeaf-spot
september,lt-normal,gt-norm,scattered,none,norm,abnorm,w-s-marg,gt-1/8,absent,absent,absent,norm,dna,absent,none,norm,absent,norm,alternarialeaf-spot
september,normal,gt-norm,low-areas,fungicide,norm,abnorm,w-s-marg,gt-1/8,absent,absent,absent,norm,dna,absent,none,norm,absent,norm,alternarialeaf-spot
august,normal,gt-norm,upper-areas,none,norm,abnorm,w-s-marg,gt-1/8,absent,absent,absent,norm,dna,absent,none,norm,absent,norm,alternarialeaf-spot
september,lt-normal,gt-norm,whole-field,fungicide,norm,abnorm,w-s-marg,gt-1/8,absent,absent,absent,norm,dna,absent,none,norm,absent,norm,alternarialeaf-spot
october,normal,gt-norm,scattered,none,norm,abnorm,w-s-marg,gt-1/8,absent,absent,absent,norm,dna,absent,none,norm,absent,norm,alternarialeaf-spot
july,normal,gt-norm,low-areas,fungicide,norm,abnorm,w-s-marg,gt-1/8,absent,absent,absent,norm,dna,absent,none,norm,absent,norm,alternarialeaf-spot
august,lt-normal,gt-norm,upper-areas,none,norm,abnorm,w-s-marg,gt-1/8,absent,absent,absent,norm,dna,absent,none,norm,absent,norm,alternarialeaf-spot
september,normal,gt-norm,whole-field,fungicide,norm,abnorm,w-s-marg,gt-1/8,absent,absent,absent,norm,dna,absent,none,norm,absent,norm,alternarialeaf-spot
october,normal,gt-norm,scattered,none,norm,abnorm,w-s-marg,gt-1/8,absent,absent,absent,norm,dna,absent,none,norm,absent,norm,alternarialeaf-spot
august,lt-normal,gt-norm,low-areas,fungicide,norm,abnorm,w-s-marg,gt-1/8,absent,absent,absent,norm,dna,absent,none,norm,absent,norm,alternarialeaf-spot
august,normal,gt-norm,upper-areas,none,norm,abnorm,w-s-marg,gt-1/8,absent,absent,absent,norm,dna,absent,none,norm,absent,norm,alternarialeaf-spot
september,normal,gt-norm,whole-field,fungicide,norm,abnorm,w-s-marg,gt-1/8,absent,absent,absent,norm,dna,absent,none,norm,absent,norm,alternarialeaf-spot
september,lt-normal,gt-norm,scattered,none,norm,abnorm,w-s-marg,gt-1/8,absent,absent,absent,norm,dna,absent,none,norm,absent,norm,alternarialeaf-spot
september,normal,gt-norm,low-areas,fungicide,norm,abnorm,w-s-marg,gt-1/8,absent,absent,absent,norm,dna,absent,none,norm,absent,norm,alternarialeaf-spot
october,normal,gt-norm,upper-areas,none,norm,abnorm,w-s-marg,gt-1/8,absent,absent,absent,norm,dna,absent,none,norm,absent,norm,alternarialeaf-spot
october,lt-normal,gt-norm,whole-field,fungicide,norm,abnorm,w-s-marg,gt-1/8,absent,absent,absent,norm,dna,absent,none,norm,absent,norm,alternarialeaf-spot
september,normal,gt-norm,scattered,none,norm,abnorm,w-s-marg,gt-1/8,absent,absent,absent,norm,dna,absent,none,norm,absent,norm,alternarialeaf-spot
october,normal,gt-norm,low-areas,fungicide,norm,abnorm,w-s-marg,gt-1/8,absent,absent,absent,norm,dna,absent,none,norm,absent,norm,alternarialeaf-spot
september,lt-normal,gt-norm,upper-areas,none,norm,abnorm,w-s-marg,gt-1/8,absent,absent,absent,norm,dna,absent,none,norm,absent,norm,alternarialeaf-spot
october,normal,gt-norm,whole-field,fungicide,norm,abnorm,w-s-marg,gt-1/8,absent,absent,absent,norm,dna,absent,none,norm,absent,norm,alternarialeaf-spot
september,normal,gt-norm,low-areas,none,norm,abnorm,w-s-marg,gt-1/8,absent,absent,absent,norm,dna,absent,none,norm,absent,norm,alternarialeaf-spot
october,lt-normal,gt-norm,upper-areas,fungicide,norm,abnorm,w-s-marg,gt-1/8,absent,absent,absent,norm,dna,absent,none,norm,absent,norm,alternarialeaf-spot
september,normal,gt-norm,low-areas,none,norm,abnorm,w-s-marg,gt-1/8,absent,absent,absent,norm,dna,absent,none,norm,absent,norm,alternarialeaf-spot
october,normal,gt-norm,upper-areas,fungicide,norm,abnorm,w-s-marg,gt-1/8,absent,absent,absent,norm,dna,absent,none,norm,absent,norm,alternarialeaf-spot
august,lt-normal,gt-norm,scattered,none,norm,abnorm,w-s-marg,gt-1/8,absent,absent,absent,abnorm,dk-brown-blk,absent,none,diseased,colored,norm,frog-eye-leaf-spot
august,normal,gt-norm,upper-areas,none,norm,abnorm,w-s-marg,gt-1/8,absent,absent,absent,abnorm,dk-brown-blk,absent,none,diseased,colored,norm,frog-eye-leaf-spot
august,lt-normal,gt-norm,low-areas,fungicide,norm,abnorm,w-s-marg,gt-1/8,absent,absent,absent,abnorm,dk-brown-blk,absent,none,diseased,colored,norm,frog-eye-leaf-spot
september,normal,norm,low-areas,none,norm,abnorm,w-s-marg,gt-1/8,absent,absent,absent,abnorm,dna,absent,none,diseased,colored,norm,frog-eye-leaf-spot
september,normal,gt-norm,upper-areas,other,norm,abnorm,w-s-marg,gt-1/8,absent,absent,absent,abnorm,brown,absent,none,norm,absent,norm,frog-eye-leaf-spot
july,lt-normal,gt-norm,scattered,fungicide,abnorm,abnorm,w-s-marg,gt-1/8,absent,absent,absent,norm,brown,absent,none,diseased,colored,norm,frog-eye-leaf-spot
september,normal,gt-norm,upper-areas,none,norm,abnorm,w-s-marg,gt-1/8,absent,absent,absent,abnorm,brown,absent,none,diseased,colored,norm,frog-eye-leaf-spot
august,lt-normal,gt-norm,scattered,other,abnorm,abnorm,w-s-marg,gt-1/8,absent,absent,absent,norm,brown,absent,none,norm,absent,norm,frog-eye-leaf-spot
july,normal,gt-norm,scattered,none,norm,abnorm,w-s-marg,gt-1/8,absent,absent,absent,abnorm,dk-brown-blk,absent,none,diseased,colored,norm,frog-eye-leaf-spot
august,normal,gt-norm,low-areas,fungicide,norm,abnorm,w-s-marg,gt-1/8,absent,absent,absent,abnorm,dk-brown-blk,absent,none,diseased,colored,norm,frog-eye-leaf-spot
september,lt-normal,gt-norm,upper-areas,none,norm,abnorm,w-s-marg,gt-1/8,absent,absent,absent,abnorm,dk-brown-blk,absent,none,diseased,colored,norm,frog-eye-leaf-spot
october,normal,gt-norm,whole-field,fungicide,norm,abnorm,w-s-marg,gt-1/8,absent,absent,absent,abnorm,dk-brown-blk,absent,none,diseased,colored,norm,frog-eye-leaf-spot
august,normal,gt-norm,scattered,none,norm,abnorm,w-s-marg,gt-1/8,absent,absent,absent,abnorm,dk-brown-blk,absent,none,diseased,colored,norm,frog-eye-leaf-spot
september,lt-normal,gt-norm,low-areas,fungicide,norm,abnorm,w-s-marg,gt-1/8,absent,absent,absent,abnorm,dk-brown-blk,absent,none,diseased,colored,norm,frog-eye-leaf-spot
october,normal,gt-norm,upper-areas,none,norm,abnorm,w-s-marg,gt-1/8,absent,absent,absent,abnorm,dk-brown-blk,absent,none,diseased,colored,norm,frog-eye-leaf-spot
august,normal,gt-norm,whole-field,fungicide,norm,abnorm,w-s-marg,gt-1/8,absent,absent,absent,abnorm,dk-brown-blk,absent,none,diseased,colored,norm,frog-eye-leaf-spot
september,lt-normal,gt-norm,scattered,none,norm,abnorm,w-s-marg,gt-1/8,absent,absent,absent,abnorm,dk-brown-blk,absent,none,diseased,colored,norm,frog-eye-leaf-spot
october,normal,gt-norm,low-areas,fungicide,norm,abnorm,w-s-marg,gt-1/8,absent,absent,absent,abnorm,dk-brown-blk,absent,none,diseased,colored,norm,frog-eye-leaf-spot
august,normal,gt-norm,upper-areas,none,norm,abnorm,w-s-marg,gt-1/8,absent,absent,absent,abnorm,dk-brown-blk,absent,none,diseased,colored,norm,frog-eye-leaf-spot
september,lt-normal,gt-norm,whole-field,fungicide,norm,abnorm,w-s-marg,gt-1/8,absent,absent,absent,abnorm,dk-brown-blk,absent,none,diseased,colored,norm,frog-eye-leaf-spot
october,normal,gt-norm,scattered,none,norm,abnorm,w-s-marg,gt-1/8,absent,absent,absent,abnorm,dk-brown-blk,absent,none,diseased,colored,norm,frog-eye-leaf-spot
july,normal,gt-norm,low-areas,fungicide,norm,abnorm,w-s-marg,gt-1/8,absent,absent,absent,abnorm,dk-brown-blk,absent,none,diseased,colored,norm,frog-eye-leaf-spot
august,lt-normal,gt-norm,upper-areas,none,norm,abnorm,w-s-marg,gt-1/8,absent,absent,absent,abnorm,dk-brown-blk,absent,none,diseased,colored,norm,frog-eye-leaf-spot
september,normal,gt-norm,whole-field,fungicide,norm,abnorm,w-s-marg,gt-1/8,absent,absent,absent,abnorm,dk-brown-blk,absent,none,diseased,colored,norm,frog-eye-leaf-spot
october,normal,gt-norm,scattered,none,norm,abnorm,w-s-marg,gt-1/8,absent,absent,absent,abnorm,dk-brown-blk,absent,none,diseased,colored,norm,frog-eye-leaf-spot
july,lt-normal,gt-norm,low-areas,fungicide,norm,abnorm,w-s-marg,gt-1/8,absent,absent,absent,abnorm,dk-brown-blk,absent,none,diseased,colored,norm,frog-eye-leaf-spot
august,normal,gt-norm,upper-areas,none,norm,abnorm,w-s-marg,gt-1/8,absent,absent,absent,abnorm,dk-brown-blk,absent,none,diseased,colored,norm,frog-eye-leaf-spot
september,normal,gt-norm,whole-field,fungicide,norm,abnorm,w-s-marg,gt-1/8,absent,absent,absent,abnorm,dk-brown-blk,absent,none,diseased,colored,norm,frog-eye-leaf-spot
october,lt-normal,gt-norm,scattered,none,norm,abnorm,w-s-marg,gt-1/8,absent,absent,absent,abnorm,dk-brown-blk,absent,none,diseased,colored,norm,frog-eye-leaf-spot
july,normal,gt-norm,low-areas,fungicide,norm,abnorm,w-s-marg,gt-1/8,absent,absent,absent,abnorm,dk-brown-blk,absent,none,diseased,colored,norm,frog-eye-leaf-spot
august,normal,gt-norm,upper-areas,none,norm,abnorm,w-s-marg,gt-1/8,absent,absent,absent,abnorm,dk-brown-blk,absent,none,diseased,colored,norm,frog-eye-leaf-spot
september,lt-normal,gt-norm,whole-field,fungicide,norm,abnorm,w-s-marg,gt-1/8,absent,absent,absent,abnorm,dk-brown-blk,absent,none,diseased,colored,norm,frog-eye-leaf-spot
august,normal,gt-norm,scattered,none,norm,abnorm,w-s-marg,gt-1/8,absent,absent,absent,abnorm,dk-brown-blk,absent,none,diseased,colored,norm,frog-eye-leaf-spot
september,normal,gt-norm,low-areas,fungicide,norm,abnorm,w-s-marg,gt-1/8,absent,absent,absent,abnorm,dk-brown-blk,absent,none,diseased,colored,norm,frog-eye-leaf-spot
october,lt-normal,gt-norm,upper-areas,none,norm,abnorm,w-s-marg,gt-1/8,absent,absent,absent,abnorm,dk-brown-blk,absent,none,diseased,colored,norm,frog-eye-leaf-spot
august,normal,gt-norm,whole-field,fungicide,norm,abnorm,w-s-marg,gt-1/8,absent,absent,absent,abnorm,dk-brown-blk,absent,none,diseased,colored,norm,frog-eye-leaf-spot
september,normal,gt-norm,scattered,none,norm,abnorm,w-s-marg,gt-1/8,absent,absent,absent,abnorm,dk-brown-blk,absent,none,diseased,colored,norm,frog-eye-leaf-spot
october,lt-normal,gt-norm,low-areas,fungicide,norm,abnorm,w-s-marg,gt-1/8,absent,absent,absent,abnorm,dk-brown-blk,absent,none,diseased,colored,norm,frog-eye-leaf-spot
august,normal,gt-norm,upper-areas,none,norm,abnorm,w-s-marg,gt-1/8,absent,absent,absent,abnorm,dk-brown-blk,absent,none,diseased,colored,norm,frog-eye-leaf-spot
september,normal,gt-norm,whole-field,fungicide,norm,abnorm,w-s-marg,gt-1/8,absent,absent,absent,abnorm,dk-brown-blk,absent,none,diseased,colored,norm,frog-eye-leaf-spot
october,?,gt-norm,whole-field,?,norm,norm,?,?,?,?,?,abnorm,dna,present,none,diseased,brown-w/blk-specks,lt-norm,diaporthe-pod-&-stem-blight
october,?,gt-norm,whole-field,?,norm,norm,?,?,?,?,?,abnorm,dna,present,none,diseased,brown-w/blk-specks,lt-norm,diaporthe-pod-&-stem-blight
september,?,gt-norm,whole-field,?,norm,norm,?,?,?,?,?,abnorm,dna,present,none,diseased,brown-w/blk-specks,lt-norm,diaporthe-pod-&-stem-blight
october,?,gt-norm,whole-field,?,norm,norm,?,?,?,?,?,abnorm,dna,present,none,diseased,brown-w/blk-specks,lt-norm,diaporthe-pod-&-stem-blight
october,?,gt-norm,whole-field,?,norm,norm,?,?,?,?,?,abnorm,dna,present,none,diseased,brown-w/blk-specks,lt-norm,diaporthe-pod-&-stem-blight
may,lt-normal,norm,scattered,?,norm,norm,?,?,?,?,?,abnorm,dna,present,none,diseased,brown-w/blk-specks,lt-norm,diaporthe-pod-&-stem-blight
september,normal,gt-norm,whole-field,?,norm,norm,?,?,?,?,?,abnorm,dna,present,none,diseased,brown-w/blk-specks,lt-norm,diaporthe-pod-&-stem-blight
september,normal,gt-norm,whole-field,?,norm,norm,?,?,?,?,?,abnorm,dna,present,none,diseased,brown-w/blk-specks,lt-norm,diaporthe-pod-&-stem-blight
october,normal,gt-norm,whole-field,?,norm,norm,?,?,?,?,?,abnorm,dna,present,none,diseased,brown-w/blk-specks,lt-norm,diaporthe-pod-&-stem-blight
june,?,?,low-areas,?,abnorm,abnorm,?,?,?,?,?,norm,?,?,?,few-present,?,lt-norm,cyst-nematode
july,?,?,upper-areas,?,abnorm,abnorm,?,?,?,?,?,norm,?,?,?,few-present,?,lt-norm,cyst-nematode
august,?,?,low-areas,?,abnorm,abnorm,?,?,?,?,?,norm,?,?,?,few-present,?,lt-norm,cyst-nematode
june,?,?,upper-areas,?,abnorm,abnorm,?,?,?,?,?,norm,?,?,?,few-present,?,lt-norm,cyst-nematode
july,?,?,low-areas,?,abnorm,abnorm,?,?,?,?,?,norm,?,?,?,few-present,?,lt-norm,cyst-nematode
august,?,?,upper-areas,?,abnorm,abnorm,?,?,?,?,?,norm,?,?,?,few-present,?,lt-norm,cyst-nematode
august,?,?,low-areas,?,abnorm,abnorm,?,?,?,?,?,norm,?,?,?,few-present,?,lt-norm,cyst-nematode
july,?,?,upper-areas,?,abnorm,abnorm,?,?,?,?,?,norm,?,?,?,few-present,?,lt-norm,cyst-nematode
september,?,?,low-areas,?,?,abnorm,dna,dna,?,present,?,?,?,?,?,?,?,?,2-4-d-injury
april,?,?,scattered,?,?,abnorm,dna,dna,?,present,?,?,?,?,?,?,?,?,2-4-d-injury
may,?,?,low-areas,?,?,abnorm,dna,dna,?,present,?,?,?,?,?,?,?,?,2-4-d-injury
june,?,?,upper-areas,?,?,abnorm,dna,dna,?,present,?,?,?,?,?,?,?,?,2-4-d-injury
july,?,?,whole-field,?,?,abnorm,dna,dna,?,present,?,?,?,?,?,?,?,?,2-4-d-injury
august,?,?,scattered,?,?,abnorm,dna,dna,?,present,?,?,?,?,?,?,?,?,2-4-d-injury
october,?,?,upper-areas,?,?,abnorm,dna,dna,?,present,?,?,?,?,?,?,?,?,2-4-d-injury
april,?,?,whole-field,?,?,abnorm,dna,dna,?,present,?,?,?,?,?,?,?,?,2-4-d-injury
may,?,?,scattered,?,?,abnorm,dna,dna,?,present,?,?,?,?,?,?,?,?,2-4-d-injury
june,?,?,low-areas,?,?,abnorm,dna,dna,?,present,?,?,?,?,?,?,?,?,2-4-d-injury
july,?,?,upper-areas,?,?,abnorm,dna,dna,?,present,?,?,?,?,?,?,?,?,2-4-d-injury
august,?,?,whole-field,?,?,abnorm,dna,dna,?,present,?,?,?,?,?,?,?,?,2-4-d-injury
september,?,?,scattered,?,?,abnorm,dna,dna,?,present,?,?,?,?,?,?,?,?,2-4-d-injury
october,?,?,low-areas,?,?,abnorm,dna,dna,?,present,?,?,?,?,?,?,?,?,2-4-d-injury
april,?,?,upper-areas,?,?,abnorm,dna,dna,?,present,?,?,?,?,?,?,?,?,2-4-d-injury
april,lt-normal,?,scattered,?,abnorm,abnorm,dna,dna,absent,present,?,abnorm,?,?,?,dna,?,?,herbicide-injury
june,lt-normal,?,scattered,?,abnorm,abnorm,dna,dna,absent,present,?,abnorm,?,?,?,dna,?,?,herbicide-injury
april,lt-normal,?,whole-field,?,abnorm,abnorm,no-w-s-marg,gt-1/8,absent,present,?,abnorm,?,?,?,dna,?,?,herbicide-injury
june,lt-normal,?,whole-field,?,abnorm,abnorm,no-w-s-marg,gt-1/8,absent,present,?,abnorm,?,?,?,dna,?,?,herbicide-injury
