dataset,delta_accuracy,delta_macro_f1
breast-cancer,1.2043512043512077,1.9721095895488692
contact-lenses,-0.4629629629629595,0.812533088140808
diabetes,1.9675925925925977,2.47016463944761
glass,-3.4267912772585674,-1.9377797054878403
image-segmentation,4.307359307359309,4.484800457448159
iris,6.592592592592595,6.622431845552216
nsl-kdd,-0.6051303764863635,1.6015760992708632
soybean,6.995282251504801,9.626835314347451
tic-tac-toe,-3.7462305729529155,-4.024415729547741
vote,3.448275862068963,3.576706596682641
